<?xml version="1.0" encoding="UTF-8"?>
<tumblr version="1.0"><tumblelog name="urbandreamscapes" timezone="US/Eastern" cname="sabotai.com" title="urban dreamscapes">&lt;p align="justify"&gt;Urban Dreamscapes is the photoblog of Alec McClure.  He holds a BA in Media Production from the University of Houston and currently resides in Brooklyn.  All content is original, with rights reserved, unless otherwise noted.&lt;/p&gt;
&lt;center&gt;Feel free to reblog!&lt;/center&gt;
&lt;br&gt;&lt;br&gt;
&lt;center&gt;&lt;img src="http://farm8.staticflickr.com/7168/6661411239_922b825d14_o.jpg" style="border:5px solid black;" width=175 "&gt;&lt;br&gt;&lt;/center&gt;&lt;br&gt;

• &lt;a href="https://www.createspace.com/4023908"&gt;Subjective Ideal Book&lt;/a&gt;&lt;br&gt;
• &lt;a href="http://www.blurb.com/bookstore/detail/1693596"&gt;Urban Dreamscapes Book&lt;/a&gt;&lt;br&gt;
• &lt;a href="http://subjectiveideal.tumblr.com"&gt;Inspiration Stream&lt;/a&gt;&lt;br&gt;
• &lt;a href="http://twitter.com/subjectiveideal"target="_parent"&gt;Twitter&lt;/a&gt;&lt;br&gt;
• &lt;a href="https://profiles.google.com/u/0/100428831157187826962"&gt;Google+&lt;/a&gt;&lt;br&gt;
• &lt;a href="http://www.last.fm/user/sabotai"&gt;Last.fm&lt;/a&gt;&lt;br&gt;</tumblelog><posts start="0" total="791"><post id="57750102711" url="http://sabotai.com/post/57750102711" url-with-slug="http://sabotai.com/post/57750102711/kalihi-honolulu-hi-urban-dreamscapes" type="photo" date-gmt="2013-08-09 01:11:03 GMT" date="Thu, 08 Aug 2013 21:11:03" unix-timestamp="1376010663" format="html" reblog-key="2qrdLNqg" slug="kalihi-honolulu-hi-urban-dreamscapes" width="1024" height="683"><photo-caption>&lt;p&gt;Kalihi, Honolulu, HI&lt;br/&gt;&lt;a href="http://www.sabotai.com/"&gt;urban dreamscapes photography &lt;/a&gt;&lt;/p&gt;</photo-caption><photo-url max-width="1280">http://31.media.tumblr.com/85bf4eede6afc95baa8b122bd045a739/tumblr_mr8omfs61m1qdozhyo1_1280.jpg</photo-url><photo-url max-width="500">http://24.media.tumblr.com/85bf4eede6afc95baa8b122bd045a739/tumblr_mr8omfs61m1qdozhyo1_500.jpg</photo-url><photo-url max-width="400">http://31.media.tumblr.com/85bf4eede6afc95baa8b122bd045a739/tumblr_mr8omfs61m1qdozhyo1_400.jpg</photo-url><photo-url max-width="250">http://31.media.tumblr.com/85bf4eede6afc95baa8b122bd045a739/tumblr_mr8omfs61m1qdozhyo1_250.jpg</photo-url><photo-url max-width="100">http://31.media.tumblr.com/85bf4eede6afc95baa8b122bd045a739/tumblr_mr8omfs61m1qdozhyo1_100.jpg</photo-url><photo-url max-width="75">http://31.media.tumblr.com/85bf4eede6afc95baa8b122bd045a739/tumblr_mr8omfs61m1qdozhyo1_75sq.jpg</photo-url><tag>kalihi</tag><tag>honolulu</tag><tag>hawaii</tag><tag>america</tag><tag>flag</tag><tag>american</tag><tag>urban</tag><tag>city</tag><tag>sidewalk</tag><tag>photo</tag><tag>photography</tag><tag>sabotai</tag><tag>window</tag></post></posts></tumblr>
