<?xml version="1.0" encoding="UTF-8"?>
<tumblr version="1.0"><tumblelog name="urbandreamscapes" timezone="US/Eastern" cname="sabotai.com" title="urban dreamscapes">&lt;p align="justify"&gt;Urban Dreamscapes is the photoblog of Alec McClure.  He holds a BA in Media Production from the University of Houston and currently resides in Brooklyn.  All content is original, with rights reserved, unless otherwise noted.&lt;/p&gt;
&lt;center&gt;Feel free to reblog!&lt;/center&gt;
&lt;br&gt;&lt;br&gt;
&lt;center&gt;&lt;img src="http://farm8.staticflickr.com/7168/6661411239_922b825d14_o.jpg" style="border:5px solid black;" width=175 "&gt;&lt;br&gt;&lt;/center&gt;&lt;br&gt;

• &lt;a href="https://www.createspace.com/4023908"&gt;Subjective Ideal Book&lt;/a&gt;&lt;br&gt;
• &lt;a href="http://www.blurb.com/bookstore/detail/1693596"&gt;Urban Dreamscapes Book&lt;/a&gt;&lt;br&gt;
• &lt;a href="http://subjectiveideal.tumblr.com"&gt;Inspiration Stream&lt;/a&gt;&lt;br&gt;
• &lt;a href="http://twitter.com/subjectiveideal"target="_parent"&gt;Twitter&lt;/a&gt;&lt;br&gt;
• &lt;a href="https://profiles.google.com/u/0/100428831157187826962"&gt;Google+&lt;/a&gt;&lt;br&gt;
• &lt;a href="http://www.last.fm/user/sabotai"&gt;Last.fm&lt;/a&gt;&lt;br&gt;</tumblelog><posts start="0" total="791"><post id="57750102711" url="http://sabotai.com/post/57750102711" url-with-slug="http://sabotai.com/post/57750102711/kalihi-honolulu-hi-urban-dreamscapes" type="photo" date-gmt="2013-08-09 01:11:03 GMT" date="Thu, 08 Aug 2013 21:11:03" unix-timestamp="1376010663" format="html" reblog-key="2qrdLNqg" slug="kalihi-honolulu-hi-urban-dreamscapes" width="1024" height="683"><photo-caption>&lt;p&gt;Kalihi, Honolulu, HI&lt;br/&gt;&lt;a href="http://www.sabotai.com/"&gt;urban dreamscapes photography &lt;/a&gt;&lt;/p&gt;</photo-caption><photo-url max-width="1280">http://31.media.tumblr.com/85bf4eede6afc95baa8b122bd045a739/tumblr_mr8omfs61m1qdozhyo1_1280.jpg</photo-url><photo-url max-width="500">http://24.media.tumblr.com/85bf4eede6afc95baa8b122bd045a739/tumblr_mr8omfs61m1qdozhyo1_500.jpg</photo-url><photo-url max-width="400">http://31.media.tumblr.com/85bf4eede6afc95baa8b122bd045a739/tumblr_mr8omfs61m1qdozhyo1_400.jpg</photo-url><photo-url max-width="250">http://31.media.tumblr.com/85bf4eede6afc95baa8b122bd045a739/tumblr_mr8omfs61m1qdozhyo1_250.jpg</photo-url><photo-url max-width="100">http://31.media.tumblr.com/85bf4eede6afc95baa8b122bd045a739/tumblr_mr8omfs61m1qdozhyo1_100.jpg</photo-url><photo-url max-width="75">http://31.media.tumblr.com/85bf4eede6afc95baa8b122bd045a739/tumblr_mr8omfs61m1qdozhyo1_75sq.jpg</photo-url><tag>kalihi</tag><tag>honolulu</tag><tag>hawaii</tag><tag>america</tag><tag>flag</tag><tag>american</tag><tag>urban</tag><tag>city</tag><tag>sidewalk</tag><tag>photo</tag><tag>photography</tag><tag>sabotai</tag><tag>window</tag></post><post id="55621803931" url="http://sabotai.com/post/55621803931" url-with-slug="http://sabotai.com/post/55621803931/expressing-interest-urban-dreamscapes" type="photo" date-gmt="2013-07-16 19:13:45 GMT" date="Tue, 16 Jul 2013 15:13:45" unix-timestamp="1374002025" format="html" reblog-key="vvf07dAO" slug="expressing-interest-urban-dreamscapes" width="1024" height="683"><photo-caption>&lt;p&gt;Expressing Interest&lt;/p&gt;
&lt;p&gt;&lt;a href="http://www.sabotai.com/"&gt;urban dreamscapes photography &lt;/a&gt;&lt;/p&gt;</photo-caption><photo-url max-width="1280">http://31.media.tumblr.com/946d61591d8cb128df695ce89862dcac/tumblr_mq1mqx9bb21qdozhyo1_1280.jpg</photo-url><photo-url max-width="500">http://24.media.tumblr.com/946d61591d8cb128df695ce89862dcac/tumblr_mq1mqx9bb21qdozhyo1_500.jpg</photo-url><photo-url max-width="400">http://24.media.tumblr.com/946d61591d8cb128df695ce89862dcac/tumblr_mq1mqx9bb21qdozhyo1_400.jpg</photo-url><photo-url max-width="250">http://24.media.tumblr.com/946d61591d8cb128df695ce89862dcac/tumblr_mq1mqx9bb21qdozhyo1_250.jpg</photo-url><photo-url max-width="100">http://24.media.tumblr.com/946d61591d8cb128df695ce89862dcac/tumblr_mq1mqx9bb21qdozhyo1_100.jpg</photo-url><photo-url max-width="75">http://24.media.tumblr.com/946d61591d8cb128df695ce89862dcac/tumblr_mq1mqx9bb21qdozhyo1_75sq.jpg</photo-url><tag>arial</tag><tag>cat</tag><tag>bw</tag><tag>black and white</tag><tag>photo</tag><tag>photograph</tag><tag>sabotai</tag><tag>meow</tag><tag>feline</tag></post><post id="55296323292" url="http://sabotai.com/post/55296323292" url-with-slug="http://sabotai.com/post/55296323292/williamsburg-brooklyn-nyc-urban-dreamscapes" type="photo" date-gmt="2013-07-12 23:42:11 GMT" date="Fri, 12 Jul 2013 19:42:11" unix-timestamp="1373672531" format="html" reblog-key="BiAxCdKe" slug="williamsburg-brooklyn-nyc-urban-dreamscapes" width="1024" height="768"><photo-caption>&lt;p&gt;&lt;span&gt;Williamsburg, Brooklyn, NYC&lt;/span&gt;&lt;br/&gt;&lt;a href="http://www.sabotai.com/"&gt;urban dreamscapes photography &lt;/a&gt;&lt;/p&gt;</photo-caption><photo-url max-width="1280">http://24.media.tumblr.com/af6c847ef0ceb514005bf8e04e5e78a1/tumblr_mpukib9CH71qdozhyo1_1280.jpg</photo-url><photo-url max-width="500">http://24.media.tumblr.com/af6c847ef0ceb514005bf8e04e5e78a1/tumblr_mpukib9CH71qdozhyo1_500.jpg</photo-url><photo-url max-width="400">http://31.media.tumblr.com/af6c847ef0ceb514005bf8e04e5e78a1/tumblr_mpukib9CH71qdozhyo1_400.jpg</photo-url><photo-url max-width="250">http://24.media.tumblr.com/af6c847ef0ceb514005bf8e04e5e78a1/tumblr_mpukib9CH71qdozhyo1_250.jpg</photo-url><photo-url max-width="100">http://31.media.tumblr.com/af6c847ef0ceb514005bf8e04e5e78a1/tumblr_mpukib9CH71qdozhyo1_100.jpg</photo-url><photo-url max-width="75">http://24.media.tumblr.com/af6c847ef0ceb514005bf8e04e5e78a1/tumblr_mpukib9CH71qdozhyo1_75sq.jpg</photo-url><tag>williamsburg</tag><tag>brooklyn</tag><tag>nyc</tag><tag>new york</tag><tag>new york city</tag><tag>hassidic</tag><tag>chassidic</tag><tag>jewish</tag><tag>graffiti</tag><tag>urban</tag><tag>street</tag><tag>sidewalk</tag></post><post id="54918576321" url="http://sabotai.com/post/54918576321" url-with-slug="http://sabotai.com/post/54918576321/coney-island-brooklyn-nyc-urban-dreamscapes" type="photo" date-gmt="2013-07-08 15:30:33 GMT" date="Mon, 08 Jul 2013 11:30:33" unix-timestamp="1373297433" format="html" reblog-key="0CaCtfAp" slug="coney-island-brooklyn-nyc-urban-dreamscapes" width="1024" height="683"><photo-caption>&lt;p&gt;&lt;span&gt;Coney Island, Brooklyn, NYC&lt;/span&gt;&lt;br/&gt;&lt;a href="http://www.sabotai.com/"&gt;urban dreamscapes photography &lt;/a&gt;&lt;/p&gt;</photo-caption><photo-url max-width="1280">http://31.media.tumblr.com/0e9ce30547f16e8992150874bbb60aab/tumblr_mpi0mewblA1qdozhyo1_1280.jpg</photo-url><photo-url max-width="500">http://31.media.tumblr.com/0e9ce30547f16e8992150874bbb60aab/tumblr_mpi0mewblA1qdozhyo1_500.jpg</photo-url><photo-url max-width="400">http://24.media.tumblr.com/0e9ce30547f16e8992150874bbb60aab/tumblr_mpi0mewblA1qdozhyo1_400.jpg</photo-url><photo-url max-width="250">http://24.media.tumblr.com/0e9ce30547f16e8992150874bbb60aab/tumblr_mpi0mewblA1qdozhyo1_250.jpg</photo-url><photo-url max-width="100">http://24.media.tumblr.com/0e9ce30547f16e8992150874bbb60aab/tumblr_mpi0mewblA1qdozhyo1_100.jpg</photo-url><photo-url max-width="75">http://24.media.tumblr.com/0e9ce30547f16e8992150874bbb60aab/tumblr_mpi0mewblA1qdozhyo1_75sq.jpg</photo-url><tag>coney island</tag><tag>brooklyn</tag><tag>nyc</tag><tag>new york</tag><tag>new york city</tag><tag>d800</tag><tag>sabotai</tag><tag>kids</tag><tag>cones</tag><tag>orange</tag><tag>summer</tag></post><post id="54834073992" url="http://sabotai.com/post/54834073992" url-with-slug="http://sabotai.com/post/54834073992/upper-west-side-manhattan-nyc-urban-dreamscapes" type="photo" date-gmt="2013-07-07 15:30:31 GMT" date="Sun, 07 Jul 2013 11:30:31" unix-timestamp="1373211031" format="html" reblog-key="NKVDvjbu" slug="upper-west-side-manhattan-nyc-urban-dreamscapes" width="683" height="1024"><photo-caption>&lt;p&gt;&lt;span&gt;Upper West Side, Manhattan, NYC&lt;/span&gt;&lt;br/&gt;&lt;a href="http://www.sabotai.com/"&gt;urban dreamscapes photography &lt;/a&gt;&lt;/p&gt;</photo-caption><photo-url max-width="1280">http://24.media.tumblr.com/ffa635c357cc2c5ba4f8242f5e839d3d/tumblr_mpi0qeCIys1qdozhyo1_1280.jpg</photo-url><photo-url max-width="500">http://24.media.tumblr.com/ffa635c357cc2c5ba4f8242f5e839d3d/tumblr_mpi0qeCIys1qdozhyo1_500.jpg</photo-url><photo-url max-width="400">http://24.media.tumblr.com/ffa635c357cc2c5ba4f8242f5e839d3d/tumblr_mpi0qeCIys1qdozhyo1_400.jpg</photo-url><photo-url max-width="250">http://24.media.tumblr.com/ffa635c357cc2c5ba4f8242f5e839d3d/tumblr_mpi0qeCIys1qdozhyo1_250.jpg</photo-url><photo-url max-width="100">http://31.media.tumblr.com/ffa635c357cc2c5ba4f8242f5e839d3d/tumblr_mpi0qeCIys1qdozhyo1_100.jpg</photo-url><photo-url max-width="75">http://31.media.tumblr.com/ffa635c357cc2c5ba4f8242f5e839d3d/tumblr_mpi0qeCIys1qdozhyo1_75sq.jpg</photo-url><tag>uws</tag><tag>upper west side</tag><tag>manhattan</tag><tag>nyc</tag><tag>new york</tag><tag>new york city</tag><tag>d800</tag><tag>sabotai</tag><tag>urban</tag><tag>city</tag><tag>window</tag></post><post id="54756206051" url="http://sabotai.com/post/54756206051" url-with-slug="http://sabotai.com/post/54756206051/coney-island-brooklyn-nyc-urban-dreamscapes" type="photo" date-gmt="2013-07-06 15:30:32 GMT" date="Sat, 06 Jul 2013 11:30:32" unix-timestamp="1373124632" format="html" reblog-key="ki0x5DCf" slug="coney-island-brooklyn-nyc-urban-dreamscapes" width="1024" height="683"><photo-caption>&lt;p&gt;Coney Island, Brooklyn, NYC&lt;br/&gt;&lt;a href="http://www.sabotai.com/"&gt;urban dreamscapes photography &lt;/a&gt;&lt;/p&gt;</photo-caption><photo-url max-width="1280">http://24.media.tumblr.com/2604d0ca35c7c73fd55b60081ec1ae2c/tumblr_mpi0hyAFvO1qdozhyo1_1280.jpg</photo-url><photo-url max-width="500">http://31.media.tumblr.com/2604d0ca35c7c73fd55b60081ec1ae2c/tumblr_mpi0hyAFvO1qdozhyo1_500.jpg</photo-url><photo-url max-width="400">http://24.media.tumblr.com/2604d0ca35c7c73fd55b60081ec1ae2c/tumblr_mpi0hyAFvO1qdozhyo1_400.jpg</photo-url><photo-url max-width="250">http://24.media.tumblr.com/2604d0ca35c7c73fd55b60081ec1ae2c/tumblr_mpi0hyAFvO1qdozhyo1_250.jpg</photo-url><photo-url max-width="100">http://24.media.tumblr.com/2604d0ca35c7c73fd55b60081ec1ae2c/tumblr_mpi0hyAFvO1qdozhyo1_100.jpg</photo-url><photo-url max-width="75">http://24.media.tumblr.com/2604d0ca35c7c73fd55b60081ec1ae2c/tumblr_mpi0hyAFvO1qdozhyo1_75sq.jpg</photo-url><tag>coney island</tag><tag>brooklyn</tag><tag>nyc</tag><tag>new york</tag><tag>new york city</tag><tag>d800</tag><tag>sabotai</tag><tag>july 4th</tag><tag>independence day</tag><tag>id4</tag></post><post id="54184424377" url="http://sabotai.com/post/54184424377" url-with-slug="http://sabotai.com/post/54184424377/brighton-beach-brooklyn-nyc-urban-dreamscapes" type="photo" date-gmt="2013-06-29 15:30:15 GMT" date="Sat, 29 Jun 2013 11:30:15" unix-timestamp="1372519815" format="html" reblog-key="AmHQbGXB" slug="brighton-beach-brooklyn-nyc-urban-dreamscapes" width="1024" height="680"><photo-caption>&lt;p&gt;&lt;span&gt;Brighton Beach, Brooklyn, NYC&lt;/span&gt;&lt;br/&gt;&lt;a href="http://www.sabotai.com/"&gt;urban dreamscapes photography &lt;/a&gt;&lt;/p&gt;</photo-caption><photo-url max-width="1280">http://31.media.tumblr.com/4b3d6dd2b2a4c505165216198f81f722/tumblr_mp5359feSF1qdozhyo1_1280.jpg</photo-url><photo-url max-width="500">http://31.media.tumblr.com/4b3d6dd2b2a4c505165216198f81f722/tumblr_mp5359feSF1qdozhyo1_500.jpg</photo-url><photo-url max-width="400">http://31.media.tumblr.com/4b3d6dd2b2a4c505165216198f81f722/tumblr_mp5359feSF1qdozhyo1_400.jpg</photo-url><photo-url max-width="250">http://24.media.tumblr.com/4b3d6dd2b2a4c505165216198f81f722/tumblr_mp5359feSF1qdozhyo1_250.jpg</photo-url><photo-url max-width="100">http://24.media.tumblr.com/4b3d6dd2b2a4c505165216198f81f722/tumblr_mp5359feSF1qdozhyo1_100.jpg</photo-url><photo-url max-width="75">http://24.media.tumblr.com/4b3d6dd2b2a4c505165216198f81f722/tumblr_mp5359feSF1qdozhyo1_75sq.jpg</photo-url><tag>brighton beach</tag><tag>brooklyn</tag><tag>nyc</tag><tag>new york</tag><tag>new york city</tag><tag>sabotai</tag><tag>night</tag><tag>photo</tag><tag>photography</tag><tag>urban</tag></post><post id="54159469525" url="http://sabotai.com/post/54159469525" url-with-slug="http://sabotai.com/post/54159469525/sheepshead-bay-brooklyn-nyc-urban-dreamscapes" type="photo" date-gmt="2013-06-29 05:21:02 GMT" date="Sat, 29 Jun 2013 01:21:02" unix-timestamp="1372483262" format="html" reblog-key="6EZHKL6i" slug="sheepshead-bay-brooklyn-nyc-urban-dreamscapes" width="1024" height="683"><photo-caption>&lt;p&gt;Sheepshead Bay, Brooklyn, NYC&lt;br/&gt;&lt;a href="http://www.sabotai.com/"&gt;urban dreamscapes photography &lt;/a&gt;&lt;/p&gt;</photo-caption><photo-url max-width="1280">http://24.media.tumblr.com/1263fc522d038855a398d822eb2beb1d/tumblr_mp52v2wmuM1qdozhyo1_1280.jpg</photo-url><photo-url max-width="500">http://24.media.tumblr.com/1263fc522d038855a398d822eb2beb1d/tumblr_mp52v2wmuM1qdozhyo1_500.jpg</photo-url><photo-url max-width="400">http://31.media.tumblr.com/1263fc522d038855a398d822eb2beb1d/tumblr_mp52v2wmuM1qdozhyo1_400.jpg</photo-url><photo-url max-width="250">http://24.media.tumblr.com/1263fc522d038855a398d822eb2beb1d/tumblr_mp52v2wmuM1qdozhyo1_250.jpg</photo-url><photo-url max-width="100">http://24.media.tumblr.com/1263fc522d038855a398d822eb2beb1d/tumblr_mp52v2wmuM1qdozhyo1_100.jpg</photo-url><photo-url max-width="75">http://31.media.tumblr.com/1263fc522d038855a398d822eb2beb1d/tumblr_mp52v2wmuM1qdozhyo1_75sq.jpg</photo-url><tag>sheepshead bay</tag><tag>brooklyn</tag><tag>nyc</tag><tag>new york</tag><tag>new york city</tag><tag>urban</tag><tag>city</tag><tag>couch</tag><tag>sidewalk</tag><tag>scene</tag><tag>sabotai</tag></post><post id="53753124638" url="http://sabotai.com/post/53753124638" url-with-slug="http://sabotai.com/post/53753124638/downtown-manhattan-nyc-urban-dreamscapes" type="photo" date-gmt="2013-06-24 12:29:21 GMT" date="Mon, 24 Jun 2013 08:29:21" unix-timestamp="1372076961" format="html" reblog-key="H2nuj5ki" slug="downtown-manhattan-nyc-urban-dreamscapes" width="768" height="1024"><photo-caption>&lt;p&gt;Downtown, Manhattan, NYC&lt;br/&gt;&lt;a href="http://www.sabotai.com/"&gt;urban dreamscapes photography &lt;/a&gt;&lt;/p&gt;</photo-caption><photo-url max-width="1280">http://31.media.tumblr.com/b2f67b6f72ad0f26dbd493435e0b00cf/tumblr_mowdcxIuTN1qdozhyo1_1280.jpg</photo-url><photo-url max-width="500">http://24.media.tumblr.com/b2f67b6f72ad0f26dbd493435e0b00cf/tumblr_mowdcxIuTN1qdozhyo1_500.jpg</photo-url><photo-url max-width="400">http://24.media.tumblr.com/b2f67b6f72ad0f26dbd493435e0b00cf/tumblr_mowdcxIuTN1qdozhyo1_400.jpg</photo-url><photo-url max-width="250">http://24.media.tumblr.com/b2f67b6f72ad0f26dbd493435e0b00cf/tumblr_mowdcxIuTN1qdozhyo1_250.jpg</photo-url><photo-url max-width="100">http://31.media.tumblr.com/b2f67b6f72ad0f26dbd493435e0b00cf/tumblr_mowdcxIuTN1qdozhyo1_100.jpg</photo-url><photo-url max-width="75">http://31.media.tumblr.com/b2f67b6f72ad0f26dbd493435e0b00cf/tumblr_mowdcxIuTN1qdozhyo1_75sq.jpg</photo-url></post><post id="53077027780" url="http://sabotai.com/post/53077027780" url-with-slug="http://sabotai.com/post/53077027780/central-park-manhattan-nyc-urban-dreamscapes" type="photo" date-gmt="2013-06-16 04:13:53 GMT" date="Sun, 16 Jun 2013 00:13:53" unix-timestamp="1371356033" format="html" reblog-key="jbaeojIT" slug="central-park-manhattan-nyc-urban-dreamscapes" width="1024" height="683"><photo-caption>&lt;p&gt;&lt;span&gt;Central Park, Manhattan, NYC&lt;/span&gt;&lt;br/&gt;&lt;a href="http://www.sabotai.com/"&gt;urban dreamscapes photography &lt;/a&gt;&lt;/p&gt;</photo-caption><photo-url max-width="1280">http://24.media.tumblr.com/f430434bcb42676c889da9b5e6dc84b8/tumblr_mogx35VxI21qdozhyo1_1280.jpg</photo-url><photo-url max-width="500">http://24.media.tumblr.com/f430434bcb42676c889da9b5e6dc84b8/tumblr_mogx35VxI21qdozhyo1_500.jpg</photo-url><photo-url max-width="400">http://24.media.tumblr.com/f430434bcb42676c889da9b5e6dc84b8/tumblr_mogx35VxI21qdozhyo1_400.jpg</photo-url><photo-url max-width="250">http://24.media.tumblr.com/f430434bcb42676c889da9b5e6dc84b8/tumblr_mogx35VxI21qdozhyo1_250.jpg</photo-url><photo-url max-width="100">http://24.media.tumblr.com/f430434bcb42676c889da9b5e6dc84b8/tumblr_mogx35VxI21qdozhyo1_100.jpg</photo-url><photo-url max-width="75">http://24.media.tumblr.com/f430434bcb42676c889da9b5e6dc84b8/tumblr_mogx35VxI21qdozhyo1_75sq.jpg</photo-url><tag>central park</tag><tag>manhattan</tag><tag>nyc</tag><tag>new york</tag><tag>new york city</tag><tag>d800</tag><tag>sabotai</tag><tag>photo</tag><tag>photography</tag><tag>urban</tag><tag>park</tag><tag>picnic</tag><tag>summer</tag></post></posts></tumblr>
