<?xml version="1.0" encoding="UTF-8"?>
<tumblr version="1.0"><tumblelog name="urbandreamscapes" timezone="US/Eastern" cname="sabotai.com" title="urban dreamscapes">&lt;p align="justify"&gt;Urban Dreamscapes is the photoblog of Alec McClure.  He holds a BA in Media Production from the University of Houston and currently resides in Brooklyn.  All content is original, with rights reserved, unless otherwise noted.&lt;/p&gt;
&lt;center&gt;Feel free to reblog!&lt;/center&gt;
&lt;br&gt;&lt;br&gt;
&lt;center&gt;&lt;img src="http://farm8.staticflickr.com/7168/6661411239_922b825d14_o.jpg" style="border:5px solid black;" width=175 "&gt;&lt;br&gt;&lt;/center&gt;&lt;br&gt;

• &lt;a href="https://www.createspace.com/4023908"&gt;Subjective Ideal Book&lt;/a&gt;&lt;br&gt;
• &lt;a href="http://www.blurb.com/bookstore/detail/1693596"&gt;Urban Dreamscapes Book&lt;/a&gt;&lt;br&gt;
• &lt;a href="http://subjectiveideal.tumblr.com"&gt;Inspiration Stream&lt;/a&gt;&lt;br&gt;
• &lt;a href="http://twitter.com/subjectiveideal"target="_parent"&gt;Twitter&lt;/a&gt;&lt;br&gt;
• &lt;a href="https://profiles.google.com/u/0/100428831157187826962"&gt;Google+&lt;/a&gt;&lt;br&gt;
• &lt;a href="http://www.last.fm/user/sabotai"&gt;Last.fm&lt;/a&gt;&lt;br&gt;</tumblelog><posts start="21" total="791"><post id="49374249669" url="http://sabotai.com/post/49374249669" url-with-slug="http://sabotai.com/post/49374249669/shibuya-tokyo-urban-dreamscapes-photography" type="photo" date-gmt="2013-05-01 18:50:49 GMT" date="Wed, 01 May 2013 14:50:49" unix-timestamp="1367434249" format="html" reblog-key="HKxKHhXA" slug="shibuya-tokyo-urban-dreamscapes-photography" width="1024" height="683"><photo-caption>&lt;p&gt;&lt;span&gt;Shibuya, Tokyo&lt;/span&gt;&lt;br/&gt;&lt;a href="http://www.sabotai.com/"&gt;urban dreamscapes photography &lt;/a&gt;&lt;/p&gt;</photo-caption><photo-url max-width="1280">http://31.media.tumblr.com/355c8fef2a76e2ff2ef5e0c062853906/tumblr_mm4v0p3wTH1qdozhyo1_1280.jpg</photo-url><photo-url max-width="500">http://24.media.tumblr.com/355c8fef2a76e2ff2ef5e0c062853906/tumblr_mm4v0p3wTH1qdozhyo1_500.jpg</photo-url><photo-url max-width="400">http://31.media.tumblr.com/355c8fef2a76e2ff2ef5e0c062853906/tumblr_mm4v0p3wTH1qdozhyo1_400.jpg</photo-url><photo-url max-width="250">http://24.media.tumblr.com/355c8fef2a76e2ff2ef5e0c062853906/tumblr_mm4v0p3wTH1qdozhyo1_250.jpg</photo-url><photo-url max-width="100">http://31.media.tumblr.com/355c8fef2a76e2ff2ef5e0c062853906/tumblr_mm4v0p3wTH1qdozhyo1_100.jpg</photo-url><photo-url max-width="75">http://24.media.tumblr.com/355c8fef2a76e2ff2ef5e0c062853906/tumblr_mm4v0p3wTH1qdozhyo1_75sq.jpg</photo-url><tag>shibuya</tag><tag>tokyo</tag><tag>japan</tag><tag>old guy</tag><tag>old</tag><tag>urban</tag><tag>city</tag><tag>street photography</tag></post><post id="49121083060" url="http://sabotai.com/post/49121083060" url-with-slug="http://sabotai.com/post/49121083060/portals-manhattan-nyc-urban-dreamscapes" type="photo" date-gmt="2013-04-28 20:45:00 GMT" date="Sun, 28 Apr 2013 16:45:00" unix-timestamp="1367181900" format="html" reblog-key="4MOtKowV" slug="portals-manhattan-nyc-urban-dreamscapes" width="1024" height="768"><photo-caption>&lt;p&gt;&lt;span&gt;Portals&lt;/span&gt;&lt;/p&gt;
&lt;p&gt;&lt;span&gt;Manhattan, NYC&lt;/span&gt;&lt;br/&gt;&lt;a href="http://www.sabotai.com/"&gt;urban dreamscapes photography &lt;/a&gt;&lt;/p&gt;</photo-caption><photo-url max-width="1280">http://31.media.tumblr.com/0212549ed01ee2da22c92fa1b5c78d0f/tumblr_mlzgc1hIeZ1qdozhyo1_1280.jpg</photo-url><photo-url max-width="500">http://24.media.tumblr.com/0212549ed01ee2da22c92fa1b5c78d0f/tumblr_mlzgc1hIeZ1qdozhyo1_500.jpg</photo-url><photo-url max-width="400">http://31.media.tumblr.com/0212549ed01ee2da22c92fa1b5c78d0f/tumblr_mlzgc1hIeZ1qdozhyo1_400.jpg</photo-url><photo-url max-width="250">http://24.media.tumblr.com/0212549ed01ee2da22c92fa1b5c78d0f/tumblr_mlzgc1hIeZ1qdozhyo1_250.jpg</photo-url><photo-url max-width="100">http://31.media.tumblr.com/0212549ed01ee2da22c92fa1b5c78d0f/tumblr_mlzgc1hIeZ1qdozhyo1_100.jpg</photo-url><photo-url max-width="75">http://31.media.tumblr.com/0212549ed01ee2da22c92fa1b5c78d0f/tumblr_mlzgc1hIeZ1qdozhyo1_75sq.jpg</photo-url><tag>manhattan</tag><tag>portal</tag><tag>window</tag><tag>portals</tag><tag>nyc</tag><tag>urban</tag><tag>city</tag><tag>building</tag><tag>new york</tag><tag>new york city</tag><tag>gf1</tag><tag>sabotai</tag></post><post id="49011461613" url="http://sabotai.com/post/49011461613" url-with-slug="http://sabotai.com/post/49011461613/manok-angeles-philippines-urban-dreamscapes" type="photo" date-gmt="2013-04-27 15:30:10 GMT" date="Sat, 27 Apr 2013 11:30:10" unix-timestamp="1367076610" format="html" reblog-key="PFDy6EIQ" slug="manok-angeles-philippines-urban-dreamscapes" width="1024" height="683"><photo-caption>&lt;p&gt;&lt;span&gt;Manok&lt;/span&gt;&lt;/p&gt;
&lt;p&gt;&lt;span&gt;Angeles, Philippines&lt;/span&gt;&lt;br/&gt;&lt;a href="http://www.sabotai.com/"&gt;urban dreamscapes photography &lt;/a&gt;&lt;/p&gt;</photo-caption><photo-url max-width="1280">http://24.media.tumblr.com/d61adbeafc15d81dcd555d6d367ac0d6/tumblr_mlw8wuX3P81qdozhyo1_1280.jpg</photo-url><photo-url max-width="500">http://24.media.tumblr.com/d61adbeafc15d81dcd555d6d367ac0d6/tumblr_mlw8wuX3P81qdozhyo1_500.jpg</photo-url><photo-url max-width="400">http://31.media.tumblr.com/d61adbeafc15d81dcd555d6d367ac0d6/tumblr_mlw8wuX3P81qdozhyo1_400.jpg</photo-url><photo-url max-width="250">http://31.media.tumblr.com/d61adbeafc15d81dcd555d6d367ac0d6/tumblr_mlw8wuX3P81qdozhyo1_250.jpg</photo-url><photo-url max-width="100">http://24.media.tumblr.com/d61adbeafc15d81dcd555d6d367ac0d6/tumblr_mlw8wuX3P81qdozhyo1_100.jpg</photo-url><photo-url max-width="75">http://24.media.tumblr.com/d61adbeafc15d81dcd555d6d367ac0d6/tumblr_mlw8wuX3P81qdozhyo1_75sq.jpg</photo-url><tag>angeles</tag><tag>manok</tag><tag>philippines</tag><tag>pampanga</tag><tag>chicken</tag><tag>roasted</tag><tag>roast</tag><tag>yum</tag><tag>nom</tag><tag>bbq</tag><tag>food</tag><tag>filipino</tag><tag>sabotai</tag><tag>photo</tag><tag>photography</tag><tag>tron</tag><tag>tron legacy</tag></post><post id="48932884446" url="http://sabotai.com/post/48932884446" url-with-slug="http://sabotai.com/post/48932884446/the-masses-tokyo-urban-dreamscapes-photography" type="photo" date-gmt="2013-04-26 15:30:35 GMT" date="Fri, 26 Apr 2013 11:30:35" unix-timestamp="1366990235" format="html" reblog-key="gaD0hiTP" slug="the-masses-tokyo-urban-dreamscapes-photography" width="683" height="1024"><photo-caption>&lt;p&gt;The Masses&lt;/p&gt;
&lt;p&gt;&lt;span&gt;Tokyo&lt;/span&gt;&lt;br/&gt;&lt;a href="http://www.sabotai.com/"&gt;urban dreamscapes photography &lt;/a&gt;&lt;/p&gt;</photo-caption><photo-url max-width="1280">http://24.media.tumblr.com/e6fafce6ff461bbec1584b9741c74e1b/tumblr_mltofkgr2v1qdozhyo1_1280.jpg</photo-url><photo-url max-width="500">http://31.media.tumblr.com/e6fafce6ff461bbec1584b9741c74e1b/tumblr_mltofkgr2v1qdozhyo1_500.jpg</photo-url><photo-url max-width="400">http://24.media.tumblr.com/e6fafce6ff461bbec1584b9741c74e1b/tumblr_mltofkgr2v1qdozhyo1_400.jpg</photo-url><photo-url max-width="250">http://24.media.tumblr.com/e6fafce6ff461bbec1584b9741c74e1b/tumblr_mltofkgr2v1qdozhyo1_250.jpg</photo-url><photo-url max-width="100">http://24.media.tumblr.com/e6fafce6ff461bbec1584b9741c74e1b/tumblr_mltofkgr2v1qdozhyo1_100.jpg</photo-url><photo-url max-width="75">http://31.media.tumblr.com/e6fafce6ff461bbec1584b9741c74e1b/tumblr_mltofkgr2v1qdozhyo1_75sq.jpg</photo-url><tag>tokyo</tag><tag>skyline</tag><tag>buildings</tag><tag>urban</tag><tag>city</tag><tag>d800</tag><tag>sabotai</tag><tag>japan</tag><tag>japanese</tag><tag>black and white</tag><tag>bw</tag><tag>highrises</tag></post><post id="48863104728" url="http://sabotai.com/post/48863104728" url-with-slug="http://sabotai.com/post/48863104728/robot-restaurant-shinjuku-tokyo-urban" type="photo" date-gmt="2013-04-25 17:33:31 GMT" date="Thu, 25 Apr 2013 13:33:31" unix-timestamp="1366911211" format="html" reblog-key="TD05zRBq" slug="robot-restaurant-shinjuku-tokyo-urban" width="1024" height="683"><photo-caption>&lt;p&gt;&lt;a href="http://www.robot-restaurant.com/E/" target="_blank"&gt;Robot Restaurant&lt;/a&gt;&lt;/p&gt;
&lt;p&gt;&lt;span&gt;Shinjuku, Tokyo&lt;/span&gt;&lt;br/&gt;&lt;a href="http://www.sabotai.com/"&gt;urban dreamscapes photography &lt;/a&gt;&lt;/p&gt;</photo-caption><photo-url max-width="1280">http://24.media.tumblr.com/429a4b21f3da1affb1520e57c010e0bd/tumblr_mltnfvxlkI1qdozhyo5_1280.jpg</photo-url><photo-url max-width="500">http://24.media.tumblr.com/429a4b21f3da1affb1520e57c010e0bd/tumblr_mltnfvxlkI1qdozhyo5_500.jpg</photo-url><photo-url max-width="400">http://31.media.tumblr.com/429a4b21f3da1affb1520e57c010e0bd/tumblr_mltnfvxlkI1qdozhyo5_400.jpg</photo-url><photo-url max-width="250">http://24.media.tumblr.com/429a4b21f3da1affb1520e57c010e0bd/tumblr_mltnfvxlkI1qdozhyo5_250.jpg</photo-url><photo-url max-width="100">http://31.media.tumblr.com/429a4b21f3da1affb1520e57c010e0bd/tumblr_mltnfvxlkI1qdozhyo5_100.jpg</photo-url><photo-url max-width="75">http://31.media.tumblr.com/429a4b21f3da1affb1520e57c010e0bd/tumblr_mltnfvxlkI1qdozhyo5_75sq.jpg</photo-url><photoset><photo offset="o5" caption="" width="1024" height="683"><photo-url max-width="1280">http://24.media.tumblr.com/429a4b21f3da1affb1520e57c010e0bd/tumblr_mltnfvxlkI1qdozhyo5_1280.jpg</photo-url><photo-url max-width="500">http://24.media.tumblr.com/429a4b21f3da1affb1520e57c010e0bd/tumblr_mltnfvxlkI1qdozhyo5_500.jpg</photo-url><photo-url max-width="400">http://31.media.tumblr.com/429a4b21f3da1affb1520e57c010e0bd/tumblr_mltnfvxlkI1qdozhyo5_400.jpg</photo-url><photo-url max-width="250">http://24.media.tumblr.com/429a4b21f3da1affb1520e57c010e0bd/tumblr_mltnfvxlkI1qdozhyo5_250.jpg</photo-url><photo-url max-width="100">http://31.media.tumblr.com/429a4b21f3da1affb1520e57c010e0bd/tumblr_mltnfvxlkI1qdozhyo5_100.jpg</photo-url><photo-url max-width="75">http://31.media.tumblr.com/429a4b21f3da1affb1520e57c010e0bd/tumblr_mltnfvxlkI1qdozhyo5_75sq.jpg</photo-url></photo><photo offset="o1" caption="" width="1024" height="683"><photo-url max-width="1280">http://24.media.tumblr.com/e1d383700883a6b222004598ea5107ea/tumblr_mltnfvxlkI1qdozhyo1_1280.jpg</photo-url><photo-url max-width="500">http://31.media.tumblr.com/e1d383700883a6b222004598ea5107ea/tumblr_mltnfvxlkI1qdozhyo1_500.jpg</photo-url><photo-url max-width="400">http://24.media.tumblr.com/e1d383700883a6b222004598ea5107ea/tumblr_mltnfvxlkI1qdozhyo1_400.jpg</photo-url><photo-url max-width="250">http://31.media.tumblr.com/e1d383700883a6b222004598ea5107ea/tumblr_mltnfvxlkI1qdozhyo1_250.jpg</photo-url><photo-url max-width="100">http://24.media.tumblr.com/e1d383700883a6b222004598ea5107ea/tumblr_mltnfvxlkI1qdozhyo1_100.jpg</photo-url><photo-url max-width="75">http://24.media.tumblr.com/e1d383700883a6b222004598ea5107ea/tumblr_mltnfvxlkI1qdozhyo1_75sq.jpg</photo-url></photo><photo offset="o2" caption="" width="1024" height="683"><photo-url max-width="1280">http://31.media.tumblr.com/061cb44580bb785497540d09a59cc551/tumblr_mltnfvxlkI1qdozhyo2_1280.jpg</photo-url><photo-url max-width="500">http://31.media.tumblr.com/061cb44580bb785497540d09a59cc551/tumblr_mltnfvxlkI1qdozhyo2_500.jpg</photo-url><photo-url max-width="400">http://31.media.tumblr.com/061cb44580bb785497540d09a59cc551/tumblr_mltnfvxlkI1qdozhyo2_400.jpg</photo-url><photo-url max-width="250">http://24.media.tumblr.com/061cb44580bb785497540d09a59cc551/tumblr_mltnfvxlkI1qdozhyo2_250.jpg</photo-url><photo-url max-width="100">http://24.media.tumblr.com/061cb44580bb785497540d09a59cc551/tumblr_mltnfvxlkI1qdozhyo2_100.jpg</photo-url><photo-url max-width="75">http://24.media.tumblr.com/061cb44580bb785497540d09a59cc551/tumblr_mltnfvxlkI1qdozhyo2_75sq.jpg</photo-url></photo><photo offset="o3" caption="" width="1024" height="683"><photo-url max-width="1280">http://24.media.tumblr.com/783b878a457d08292bf2ff52ef424b13/tumblr_mltnfvxlkI1qdozhyo3_1280.jpg</photo-url><photo-url max-width="500">http://24.media.tumblr.com/783b878a457d08292bf2ff52ef424b13/tumblr_mltnfvxlkI1qdozhyo3_500.jpg</photo-url><photo-url max-width="400">http://31.media.tumblr.com/783b878a457d08292bf2ff52ef424b13/tumblr_mltnfvxlkI1qdozhyo3_400.jpg</photo-url><photo-url max-width="250">http://31.media.tumblr.com/783b878a457d08292bf2ff52ef424b13/tumblr_mltnfvxlkI1qdozhyo3_250.jpg</photo-url><photo-url max-width="100">http://24.media.tumblr.com/783b878a457d08292bf2ff52ef424b13/tumblr_mltnfvxlkI1qdozhyo3_100.jpg</photo-url><photo-url max-width="75">http://24.media.tumblr.com/783b878a457d08292bf2ff52ef424b13/tumblr_mltnfvxlkI1qdozhyo3_75sq.jpg</photo-url></photo><photo offset="o4" caption="" width="1024" height="683"><photo-url max-width="1280">http://24.media.tumblr.com/4b6fe675197f3ccc39f3ebb37671b5a4/tumblr_mltnfvxlkI1qdozhyo4_1280.jpg</photo-url><photo-url max-width="500">http://24.media.tumblr.com/4b6fe675197f3ccc39f3ebb37671b5a4/tumblr_mltnfvxlkI1qdozhyo4_500.jpg</photo-url><photo-url max-width="400">http://24.media.tumblr.com/4b6fe675197f3ccc39f3ebb37671b5a4/tumblr_mltnfvxlkI1qdozhyo4_400.jpg</photo-url><photo-url max-width="250">http://31.media.tumblr.com/4b6fe675197f3ccc39f3ebb37671b5a4/tumblr_mltnfvxlkI1qdozhyo4_250.jpg</photo-url><photo-url max-width="100">http://31.media.tumblr.com/4b6fe675197f3ccc39f3ebb37671b5a4/tumblr_mltnfvxlkI1qdozhyo4_100.jpg</photo-url><photo-url max-width="75">http://31.media.tumblr.com/4b6fe675197f3ccc39f3ebb37671b5a4/tumblr_mltnfvxlkI1qdozhyo4_75sq.jpg</photo-url></photo><photo offset="o6" caption="" width="1024" height="683"><photo-url max-width="1280">http://24.media.tumblr.com/2b6f9edca6b9d1572bea2d3c94b74d6a/tumblr_mltnfvxlkI1qdozhyo6_1280.jpg</photo-url><photo-url max-width="500">http://24.media.tumblr.com/2b6f9edca6b9d1572bea2d3c94b74d6a/tumblr_mltnfvxlkI1qdozhyo6_500.jpg</photo-url><photo-url max-width="400">http://31.media.tumblr.com/2b6f9edca6b9d1572bea2d3c94b74d6a/tumblr_mltnfvxlkI1qdozhyo6_400.jpg</photo-url><photo-url max-width="250">http://31.media.tumblr.com/2b6f9edca6b9d1572bea2d3c94b74d6a/tumblr_mltnfvxlkI1qdozhyo6_250.jpg</photo-url><photo-url max-width="100">http://24.media.tumblr.com/2b6f9edca6b9d1572bea2d3c94b74d6a/tumblr_mltnfvxlkI1qdozhyo6_100.jpg</photo-url><photo-url max-width="75">http://24.media.tumblr.com/2b6f9edca6b9d1572bea2d3c94b74d6a/tumblr_mltnfvxlkI1qdozhyo6_75sq.jpg</photo-url></photo></photoset><tag>shinjuku</tag><tag>japan</tag><tag>japanese</tag><tag>robot restaurant</tag><tag>tokyo</tag><tag>girls</tag><tag>cabaret</tag><tag>robots</tag><tag>mechs</tag><tag>mech</tag><tag>sexy</tag><tag>afro</tag><tag>weird</tag><tag>crazy</tag><tag>sabotai</tag></post><post id="48690507076" url="http://sabotai.com/post/48690507076" url-with-slug="http://sabotai.com/post/48690507076/dumaguete-negros-oriental-philippines-urban" type="photo" date-gmt="2013-04-23 13:02:47 GMT" date="Tue, 23 Apr 2013 09:02:47" unix-timestamp="1366722167" format="html" reblog-key="fmFtxcVk" slug="dumaguete-negros-oriental-philippines-urban" width="683" height="1024"><photo-caption>&lt;p&gt;Dumaguete, Negros Oriental, Philippines&lt;br/&gt;&lt;a href="http://www.sabotai.com/"&gt;urban dreamscapes photography &lt;/a&gt;&lt;/p&gt;</photo-caption><photo-url max-width="1280">http://24.media.tumblr.com/28e23f4037b3df12678e55727b99529c/tumblr_mlplko0zvY1qdozhyo1_1280.jpg</photo-url><photo-url max-width="500">http://24.media.tumblr.com/28e23f4037b3df12678e55727b99529c/tumblr_mlplko0zvY1qdozhyo1_500.jpg</photo-url><photo-url max-width="400">http://24.media.tumblr.com/28e23f4037b3df12678e55727b99529c/tumblr_mlplko0zvY1qdozhyo1_400.jpg</photo-url><photo-url max-width="250">http://24.media.tumblr.com/28e23f4037b3df12678e55727b99529c/tumblr_mlplko0zvY1qdozhyo1_250.jpg</photo-url><photo-url max-width="100">http://31.media.tumblr.com/28e23f4037b3df12678e55727b99529c/tumblr_mlplko0zvY1qdozhyo1_100.jpg</photo-url><photo-url max-width="75">http://31.media.tumblr.com/28e23f4037b3df12678e55727b99529c/tumblr_mlplko0zvY1qdozhyo1_75sq.jpg</photo-url><tag>dumaguete</tag><tag>negros</tag><tag>negros oriental</tag><tag>philippines</tag><tag>filipino</tag><tag>sabotai</tag><tag>d800</tag><tag>photo</tag><tag>night</tag><tag>photography</tag><tag>street</tag><tag>vendors</tag><tag>urban</tag></post><post id="48551271883" url="http://sabotai.com/post/48551271883" url-with-slug="http://sabotai.com/post/48551271883/island-hopping-in-el-nido-el-nido-palawan" type="photo" date-gmt="2013-04-21 20:13:00 GMT" date="Sun, 21 Apr 2013 16:13:00" unix-timestamp="1366575180" format="html" reblog-key="KH8e1LkP" slug="island-hopping-in-el-nido-el-nido-palawan" width="1024" height="683"><photo-caption>&lt;p&gt;Island Hopping in El Nido&lt;/p&gt;
&lt;p&gt;&lt;span&gt;El Nido, Palawan, Philippines&lt;/span&gt;&lt;br/&gt;&lt;a href="http://www.sabotai.com/"&gt;urban dreamscapes photography &lt;/a&gt;&lt;/p&gt;</photo-caption><photo-url max-width="1280">http://24.media.tumblr.com/2966761c0e1fa7c534587d55d29c4252/tumblr_mlmg6qn0sK1qdozhyo1_1280.jpg</photo-url><photo-url max-width="500">http://31.media.tumblr.com/2966761c0e1fa7c534587d55d29c4252/tumblr_mlmg6qn0sK1qdozhyo1_500.jpg</photo-url><photo-url max-width="400">http://24.media.tumblr.com/2966761c0e1fa7c534587d55d29c4252/tumblr_mlmg6qn0sK1qdozhyo1_400.jpg</photo-url><photo-url max-width="250">http://24.media.tumblr.com/2966761c0e1fa7c534587d55d29c4252/tumblr_mlmg6qn0sK1qdozhyo1_250.jpg</photo-url><photo-url max-width="100">http://31.media.tumblr.com/2966761c0e1fa7c534587d55d29c4252/tumblr_mlmg6qn0sK1qdozhyo1_100.jpg</photo-url><photo-url max-width="75">http://31.media.tumblr.com/2966761c0e1fa7c534587d55d29c4252/tumblr_mlmg6qn0sK1qdozhyo1_75sq.jpg</photo-url><photoset><photo offset="o1" caption="" width="1024" height="683"><photo-url max-width="1280">http://24.media.tumblr.com/2966761c0e1fa7c534587d55d29c4252/tumblr_mlmg6qn0sK1qdozhyo1_1280.jpg</photo-url><photo-url max-width="500">http://31.media.tumblr.com/2966761c0e1fa7c534587d55d29c4252/tumblr_mlmg6qn0sK1qdozhyo1_500.jpg</photo-url><photo-url max-width="400">http://24.media.tumblr.com/2966761c0e1fa7c534587d55d29c4252/tumblr_mlmg6qn0sK1qdozhyo1_400.jpg</photo-url><photo-url max-width="250">http://24.media.tumblr.com/2966761c0e1fa7c534587d55d29c4252/tumblr_mlmg6qn0sK1qdozhyo1_250.jpg</photo-url><photo-url max-width="100">http://31.media.tumblr.com/2966761c0e1fa7c534587d55d29c4252/tumblr_mlmg6qn0sK1qdozhyo1_100.jpg</photo-url><photo-url max-width="75">http://31.media.tumblr.com/2966761c0e1fa7c534587d55d29c4252/tumblr_mlmg6qn0sK1qdozhyo1_75sq.jpg</photo-url></photo><photo offset="o2" caption="" width="1024" height="683"><photo-url max-width="1280">http://24.media.tumblr.com/3a15f0682e089db9415c998745227007/tumblr_mlmg6qn0sK1qdozhyo2_1280.jpg</photo-url><photo-url max-width="500">http://24.media.tumblr.com/3a15f0682e089db9415c998745227007/tumblr_mlmg6qn0sK1qdozhyo2_500.jpg</photo-url><photo-url max-width="400">http://24.media.tumblr.com/3a15f0682e089db9415c998745227007/tumblr_mlmg6qn0sK1qdozhyo2_400.jpg</photo-url><photo-url max-width="250">http://24.media.tumblr.com/3a15f0682e089db9415c998745227007/tumblr_mlmg6qn0sK1qdozhyo2_250.jpg</photo-url><photo-url max-width="100">http://31.media.tumblr.com/3a15f0682e089db9415c998745227007/tumblr_mlmg6qn0sK1qdozhyo2_100.jpg</photo-url><photo-url max-width="75">http://24.media.tumblr.com/3a15f0682e089db9415c998745227007/tumblr_mlmg6qn0sK1qdozhyo2_75sq.jpg</photo-url></photo><photo offset="o3" caption="" width="1024" height="683"><photo-url max-width="1280">http://24.media.tumblr.com/93ca831333ab28c205b7736ee3ec1275/tumblr_mlmg6qn0sK1qdozhyo3_1280.jpg</photo-url><photo-url max-width="500">http://31.media.tumblr.com/93ca831333ab28c205b7736ee3ec1275/tumblr_mlmg6qn0sK1qdozhyo3_500.jpg</photo-url><photo-url max-width="400">http://24.media.tumblr.com/93ca831333ab28c205b7736ee3ec1275/tumblr_mlmg6qn0sK1qdozhyo3_400.jpg</photo-url><photo-url max-width="250">http://24.media.tumblr.com/93ca831333ab28c205b7736ee3ec1275/tumblr_mlmg6qn0sK1qdozhyo3_250.jpg</photo-url><photo-url max-width="100">http://24.media.tumblr.com/93ca831333ab28c205b7736ee3ec1275/tumblr_mlmg6qn0sK1qdozhyo3_100.jpg</photo-url><photo-url max-width="75">http://24.media.tumblr.com/93ca831333ab28c205b7736ee3ec1275/tumblr_mlmg6qn0sK1qdozhyo3_75sq.jpg</photo-url></photo><photo offset="o4" caption="" width="1024" height="683"><photo-url max-width="1280">http://24.media.tumblr.com/6150441c42f2c9aef1f0c3550ecfa4b7/tumblr_mlmg6qn0sK1qdozhyo4_1280.jpg</photo-url><photo-url max-width="500">http://31.media.tumblr.com/6150441c42f2c9aef1f0c3550ecfa4b7/tumblr_mlmg6qn0sK1qdozhyo4_500.jpg</photo-url><photo-url max-width="400">http://31.media.tumblr.com/6150441c42f2c9aef1f0c3550ecfa4b7/tumblr_mlmg6qn0sK1qdozhyo4_400.jpg</photo-url><photo-url max-width="250">http://31.media.tumblr.com/6150441c42f2c9aef1f0c3550ecfa4b7/tumblr_mlmg6qn0sK1qdozhyo4_250.jpg</photo-url><photo-url max-width="100">http://24.media.tumblr.com/6150441c42f2c9aef1f0c3550ecfa4b7/tumblr_mlmg6qn0sK1qdozhyo4_100.jpg</photo-url><photo-url max-width="75">http://31.media.tumblr.com/6150441c42f2c9aef1f0c3550ecfa4b7/tumblr_mlmg6qn0sK1qdozhyo4_75sq.jpg</photo-url></photo></photoset><tag>el nido</tag><tag>palawan</tag><tag>philippines</tag><tag>paradise</tag><tag>beautiful</tag><tag>nature</tag><tag>beach</tag><tag>boat</tag><tag>water</tag><tag>photo</tag><tag>sabotai</tag><tag>photography</tag><tag>amanda</tag></post><post id="48442552765" url="http://sabotai.com/post/48442552765" url-with-slug="http://sabotai.com/post/48442552765/shibuya-tokyo-urban-dreamscapes-photography" type="photo" date-gmt="2013-04-20 15:30:12 GMT" date="Sat, 20 Apr 2013 11:30:12" unix-timestamp="1366471812" format="html" reblog-key="aqZtt73k" slug="shibuya-tokyo-urban-dreamscapes-photography" width="683" height="1024"><photo-caption>&lt;p&gt;&lt;span&gt;Shibuya, Tokyo&lt;/span&gt;&lt;br/&gt;&lt;a href="http://www.sabotai.com/"&gt;urban dreamscapes photography &lt;/a&gt;&lt;/p&gt;</photo-caption><photo-url max-width="1280">http://31.media.tumblr.com/32f703ee40052c992261d175fbdd2d06/tumblr_mlgr6ajCTv1qdozhyo1_1280.jpg</photo-url><photo-url max-width="500">http://24.media.tumblr.com/32f703ee40052c992261d175fbdd2d06/tumblr_mlgr6ajCTv1qdozhyo1_500.jpg</photo-url><photo-url max-width="400">http://24.media.tumblr.com/32f703ee40052c992261d175fbdd2d06/tumblr_mlgr6ajCTv1qdozhyo1_400.jpg</photo-url><photo-url max-width="250">http://24.media.tumblr.com/32f703ee40052c992261d175fbdd2d06/tumblr_mlgr6ajCTv1qdozhyo1_250.jpg</photo-url><photo-url max-width="100">http://24.media.tumblr.com/32f703ee40052c992261d175fbdd2d06/tumblr_mlgr6ajCTv1qdozhyo1_100.jpg</photo-url><photo-url max-width="75">http://24.media.tumblr.com/32f703ee40052c992261d175fbdd2d06/tumblr_mlgr6ajCTv1qdozhyo1_75sq.jpg</photo-url><tag>shibuya</tag><tag>tokyo</tag><tag>urban</tag><tag>city</tag><tag>skyscraper</tag><tag>sabotai</tag><tag>street</tag><tag>photo</tag></post><post id="48359972401" url="http://sabotai.com/post/48359972401" url-with-slug="http://sabotai.com/post/48359972401/manila-philippines-urban-dreamscapes-photography" type="photo" date-gmt="2013-04-19 15:30:19 GMT" date="Fri, 19 Apr 2013 11:30:19" unix-timestamp="1366385419" format="html" reblog-key="uZyFoKCM" slug="manila-philippines-urban-dreamscapes-photography" width="1024" height="683"><photo-caption>&lt;p&gt;&lt;span&gt;Manila, Philippines&lt;/span&gt;&lt;br/&gt;&lt;a href="http://www.sabotai.com/"&gt;urban dreamscapes photography &lt;/a&gt;&lt;/p&gt;</photo-caption><photo-url max-width="1280">http://31.media.tumblr.com/77111418cb6ce95ef8da8f68fe71d898/tumblr_mlgr9ztRmW1qdozhyo1_1280.jpg</photo-url><photo-url max-width="500">http://24.media.tumblr.com/77111418cb6ce95ef8da8f68fe71d898/tumblr_mlgr9ztRmW1qdozhyo1_500.jpg</photo-url><photo-url max-width="400">http://24.media.tumblr.com/77111418cb6ce95ef8da8f68fe71d898/tumblr_mlgr9ztRmW1qdozhyo1_400.jpg</photo-url><photo-url max-width="250">http://31.media.tumblr.com/77111418cb6ce95ef8da8f68fe71d898/tumblr_mlgr9ztRmW1qdozhyo1_250.jpg</photo-url><photo-url max-width="100">http://24.media.tumblr.com/77111418cb6ce95ef8da8f68fe71d898/tumblr_mlgr9ztRmW1qdozhyo1_100.jpg</photo-url><photo-url max-width="75">http://31.media.tumblr.com/77111418cb6ce95ef8da8f68fe71d898/tumblr_mlgr9ztRmW1qdozhyo1_75sq.jpg</photo-url><tag>jeepneys</tag><tag>jeepney</tag><tag>urban</tag><tag>philippines</tag><tag>manila</tag><tag>bus</tag><tag>transit</tag><tag>transport</tag><tag>jeep</tag><tag>sabotai</tag><tag>photo</tag><tag>filipino</tag></post><post id="48281244082" url="http://sabotai.com/post/48281244082" url-with-slug="http://sabotai.com/post/48281244082/gpoy-harajuku-tokyo-urban-dreamscapes" type="photo" date-gmt="2013-04-18 15:30:25 GMT" date="Thu, 18 Apr 2013 11:30:25" unix-timestamp="1366299025" format="html" reblog-key="QIMg82nm" slug="gpoy-harajuku-tokyo-urban-dreamscapes" width="1024" height="683"><photo-caption>&lt;p&gt;GPOY&lt;/p&gt;
&lt;p&gt;&lt;span&gt;Harajuku, Tokyo&lt;/span&gt;&lt;br/&gt;&lt;a href="http://www.sabotai.com/"&gt;urban dreamscapes photography &lt;/a&gt;&lt;/p&gt;</photo-caption><photo-url max-width="1280">http://31.media.tumblr.com/89b1aeee56392497f62212b1170fb834/tumblr_mld43q1HNm1qdozhyo1_1280.jpg</photo-url><photo-url max-width="500">http://31.media.tumblr.com/89b1aeee56392497f62212b1170fb834/tumblr_mld43q1HNm1qdozhyo1_500.jpg</photo-url><photo-url max-width="400">http://24.media.tumblr.com/89b1aeee56392497f62212b1170fb834/tumblr_mld43q1HNm1qdozhyo1_400.jpg</photo-url><photo-url max-width="250">http://31.media.tumblr.com/89b1aeee56392497f62212b1170fb834/tumblr_mld43q1HNm1qdozhyo1_250.jpg</photo-url><photo-url max-width="100">http://24.media.tumblr.com/89b1aeee56392497f62212b1170fb834/tumblr_mld43q1HNm1qdozhyo1_100.jpg</photo-url><photo-url max-width="75">http://24.media.tumblr.com/89b1aeee56392497f62212b1170fb834/tumblr_mld43q1HNm1qdozhyo1_75sq.jpg</photo-url><tag>harajuku</tag><tag>sabotai</tag><tag>gpoy</tag><tag>me</tag><tag>urban</tag><tag>reflection</tag><tag>reflections</tag><tag>mirror</tag><tag>mirrors</tag><tag>koffiya</tag><tag>escalator</tag><tag>photo</tag><tag>photography</tag></post><post id="48202783772" url="http://sabotai.com/post/48202783772" url-with-slug="http://sabotai.com/post/48202783772/akihabara-tokyo-urban-dreamscapes-photography" type="photo" date-gmt="2013-04-17 15:30:18 GMT" date="Wed, 17 Apr 2013 11:30:18" unix-timestamp="1366212618" format="html" reblog-key="nkgsj12U" slug="akihabara-tokyo-urban-dreamscapes-photography" width="1024" height="683"><photo-caption>&lt;p&gt;&lt;span&gt;Akihabara, Tokyo&lt;/span&gt;&lt;br/&gt;&lt;a href="http://www.sabotai.com/"&gt;urban dreamscapes photography &lt;/a&gt;&lt;/p&gt;</photo-caption><photo-url max-width="1280">http://24.media.tumblr.com/cf74af1ec8405ce59e86f19f7267cb90/tumblr_mld47pwVD61qdozhyo1_1280.jpg</photo-url><photo-url max-width="500">http://24.media.tumblr.com/cf74af1ec8405ce59e86f19f7267cb90/tumblr_mld47pwVD61qdozhyo1_500.jpg</photo-url><photo-url max-width="400">http://24.media.tumblr.com/cf74af1ec8405ce59e86f19f7267cb90/tumblr_mld47pwVD61qdozhyo1_400.jpg</photo-url><photo-url max-width="250">http://24.media.tumblr.com/cf74af1ec8405ce59e86f19f7267cb90/tumblr_mld47pwVD61qdozhyo1_250.jpg</photo-url><photo-url max-width="100">http://31.media.tumblr.com/cf74af1ec8405ce59e86f19f7267cb90/tumblr_mld47pwVD61qdozhyo1_100.jpg</photo-url><photo-url max-width="75">http://24.media.tumblr.com/cf74af1ec8405ce59e86f19f7267cb90/tumblr_mld47pwVD61qdozhyo1_75sq.jpg</photo-url><tag>akihabara</tag><tag>tokyo</tag><tag>japan</tag><tag>maid</tag><tag>uniform</tag><tag>costume</tag><tag>taut</tag><tag>street</tag><tag>urban</tag><tag>photo</tag><tag>photography</tag><tag>sabotai</tag><tag>girl</tag><tag>portrait</tag><tag>street photography</tag></post><post id="48136215030" url="http://sabotai.com/post/48136215030" url-with-slug="http://sabotai.com/post/48136215030/malate-manila-philippines-urban-dreamscapes" type="photo" date-gmt="2013-04-16 19:09:55 GMT" date="Tue, 16 Apr 2013 15:09:55" unix-timestamp="1366139395" format="html" reblog-key="ED5pq1jf" slug="malate-manila-philippines-urban-dreamscapes" width="1024" height="683"><photo-caption>&lt;p&gt;&lt;span&gt;Malate, Manila, Philippines&lt;/span&gt;&lt;br/&gt;&lt;a href="http://www.sabotai.com/"&gt;urban dreamscapes photography &lt;/a&gt;&lt;/p&gt;</photo-caption><photo-url max-width="1280">http://31.media.tumblr.com/aaf6b39fa4e8ec7f69f97e570d185080/tumblr_mld3wjeq121qdozhyo1_1280.jpg</photo-url><photo-url max-width="500">http://24.media.tumblr.com/aaf6b39fa4e8ec7f69f97e570d185080/tumblr_mld3wjeq121qdozhyo1_500.jpg</photo-url><photo-url max-width="400">http://31.media.tumblr.com/aaf6b39fa4e8ec7f69f97e570d185080/tumblr_mld3wjeq121qdozhyo1_400.jpg</photo-url><photo-url max-width="250">http://24.media.tumblr.com/aaf6b39fa4e8ec7f69f97e570d185080/tumblr_mld3wjeq121qdozhyo1_250.jpg</photo-url><photo-url max-width="100">http://31.media.tumblr.com/aaf6b39fa4e8ec7f69f97e570d185080/tumblr_mld3wjeq121qdozhyo1_100.jpg</photo-url><photo-url max-width="75">http://24.media.tumblr.com/aaf6b39fa4e8ec7f69f97e570d185080/tumblr_mld3wjeq121qdozhyo1_75sq.jpg</photo-url><tag>malate</tag><tag>manila</tag><tag>philippines</tag><tag>hood</tag><tag>powerlines</tag><tag>power</tag><tag>wires</tag><tag>cables</tag><tag>telephone</tag><tag>urban</tag><tag>city</tag><tag>d800</tag><tag>photo</tag><tag>photography</tag><tag>sabotai</tag></post><post id="48047561660" url="http://sabotai.com/post/48047561660" url-with-slug="http://sabotai.com/post/48047561660/quiapo-manila-philippines-urban-dreamscapes" type="photo" date-gmt="2013-04-15 16:32:00 GMT" date="Mon, 15 Apr 2013 12:32:00" unix-timestamp="1366043520" format="html" reblog-key="9IGGVJ9r" slug="quiapo-manila-philippines-urban-dreamscapes" width="683" height="1024"><photo-caption>&lt;p&gt;&lt;span&gt;Quiapo, Manila, Philippines&lt;/span&gt;&lt;br/&gt;&lt;a href="http://www.sabotai.com/"&gt;urban dreamscapes photography &lt;/a&gt;&lt;/p&gt;</photo-caption><photo-url max-width="1280">http://24.media.tumblr.com/2fbf041fb92bb38d138729f3655b3d8d/tumblr_mlb1xv4M9W1qdozhyo1_1280.jpg</photo-url><photo-url max-width="500">http://31.media.tumblr.com/2fbf041fb92bb38d138729f3655b3d8d/tumblr_mlb1xv4M9W1qdozhyo1_500.jpg</photo-url><photo-url max-width="400">http://31.media.tumblr.com/2fbf041fb92bb38d138729f3655b3d8d/tumblr_mlb1xv4M9W1qdozhyo1_400.jpg</photo-url><photo-url max-width="250">http://31.media.tumblr.com/2fbf041fb92bb38d138729f3655b3d8d/tumblr_mlb1xv4M9W1qdozhyo1_250.jpg</photo-url><photo-url max-width="100">http://31.media.tumblr.com/2fbf041fb92bb38d138729f3655b3d8d/tumblr_mlb1xv4M9W1qdozhyo1_100.jpg</photo-url><photo-url max-width="75">http://24.media.tumblr.com/2fbf041fb92bb38d138729f3655b3d8d/tumblr_mlb1xv4M9W1qdozhyo1_75sq.jpg</photo-url><tag>quiapo</tag><tag>manila</tag><tag>philippines</tag><tag>urban</tag><tag>city</tag><tag>sabotai</tag><tag>spongebob</tag><tag>tricycle</tag><tag>gritty</tag></post><post id="47668653433" url="http://sabotai.com/post/47668653433" url-with-slug="http://sabotai.com/post/47668653433/el-nido-palawan-philippines-urban-dreamscapes" type="photo" date-gmt="2013-04-11 01:59:14 GMT" date="Wed, 10 Apr 2013 21:59:14" unix-timestamp="1365645554" format="html" reblog-key="2BdVZ7XS" slug="el-nido-palawan-philippines-urban-dreamscapes" width="683" height="1024"><photo-caption>&lt;p&gt;&lt;span&gt;El Nido, Palawan, Philippines&lt;/span&gt;&lt;br/&gt;&lt;a href="http://www.sabotai.com/"&gt;urban dreamscapes photography &lt;/a&gt;&lt;/p&gt;</photo-caption><photo-url max-width="1280">http://24.media.tumblr.com/d1d6dc6867a3387029a24bb8f9eda448/tumblr_ml2iur6NFr1qdozhyo1_1280.jpg</photo-url><photo-url max-width="500">http://31.media.tumblr.com/d1d6dc6867a3387029a24bb8f9eda448/tumblr_ml2iur6NFr1qdozhyo1_500.jpg</photo-url><photo-url max-width="400">http://31.media.tumblr.com/d1d6dc6867a3387029a24bb8f9eda448/tumblr_ml2iur6NFr1qdozhyo1_400.jpg</photo-url><photo-url max-width="250">http://24.media.tumblr.com/d1d6dc6867a3387029a24bb8f9eda448/tumblr_ml2iur6NFr1qdozhyo1_250.jpg</photo-url><photo-url max-width="100">http://24.media.tumblr.com/d1d6dc6867a3387029a24bb8f9eda448/tumblr_ml2iur6NFr1qdozhyo1_100.jpg</photo-url><photo-url max-width="75">http://24.media.tumblr.com/d1d6dc6867a3387029a24bb8f9eda448/tumblr_ml2iur6NFr1qdozhyo1_75sq.jpg</photo-url><tag>el nido</tag><tag>beautiful</tag><tag>palawan</tag><tag>philippines</tag><tag>asia</tag><tag>photography</tag><tag>sabotai</tag><tag>d800</tag><tag>nature</tag><tag>water</tag><tag>boat</tag><tag>outrigger</tag><tag>mountains</tag><tag>sunset</tag></post><post id="47543028677" url="http://sabotai.com/post/47543028677" url-with-slug="http://sabotai.com/post/47543028677/harajuku-tokyo-urban-dreamscapes-photography" type="photo" date-gmt="2013-04-09 15:30:12 GMT" date="Tue, 09 Apr 2013 11:30:12" unix-timestamp="1365521412" format="html" reblog-key="zQEmaqK4" slug="harajuku-tokyo-urban-dreamscapes-photography" width="683" height="1024"><photo-caption>&lt;p&gt;&lt;span&gt;Harajuku, Tokyo&lt;/span&gt;&lt;br/&gt;&lt;a href="http://www.sabotai.com/"&gt;urban dreamscapes photography &lt;/a&gt;&lt;/p&gt;</photo-caption><photo-url max-width="1280">http://24.media.tumblr.com/0066d842f8c4d1c171b82e5d94fee2fb/tumblr_mkx3y7rJde1qdozhyo1_1280.jpg</photo-url><photo-url max-width="500">http://24.media.tumblr.com/0066d842f8c4d1c171b82e5d94fee2fb/tumblr_mkx3y7rJde1qdozhyo1_500.jpg</photo-url><photo-url max-width="400">http://31.media.tumblr.com/0066d842f8c4d1c171b82e5d94fee2fb/tumblr_mkx3y7rJde1qdozhyo1_400.jpg</photo-url><photo-url max-width="250">http://31.media.tumblr.com/0066d842f8c4d1c171b82e5d94fee2fb/tumblr_mkx3y7rJde1qdozhyo1_250.jpg</photo-url><photo-url max-width="100">http://31.media.tumblr.com/0066d842f8c4d1c171b82e5d94fee2fb/tumblr_mkx3y7rJde1qdozhyo1_100.jpg</photo-url><photo-url max-width="75">http://24.media.tumblr.com/0066d842f8c4d1c171b82e5d94fee2fb/tumblr_mkx3y7rJde1qdozhyo1_75sq.jpg</photo-url><tag>harajuku</tag><tag>tokyo</tag><tag>sabotai</tag><tag>urban</tag><tag>street photography</tag><tag>portrait</tag><tag>candid</tag><tag>girl</tag><tag>eating</tag><tag>yum</tag><tag>d800</tag></post><post id="47460403575" url="http://sabotai.com/post/47460403575" url-with-slug="http://sabotai.com/post/47460403575/dumaguete-negros-oriental-philippines-urban" type="photo" date-gmt="2013-04-08 15:30:14 GMT" date="Mon, 08 Apr 2013 11:30:14" unix-timestamp="1365435014" format="html" reblog-key="mNc8nu5V" slug="dumaguete-negros-oriental-philippines-urban" width="683" height="1024"><photo-caption>&lt;p&gt;Dumaguete, Negros Oriental, Philippines&lt;br/&gt;&lt;a href="http://www.sabotai.com/"&gt;urban dreamscapes photography &lt;/a&gt;&lt;/p&gt;</photo-caption><photo-url max-width="1280">http://24.media.tumblr.com/b4f9bbd2ad18b5ad40c21defbc6853cb/tumblr_mkx4664sJN1qdozhyo1_1280.jpg</photo-url><photo-url max-width="500">http://24.media.tumblr.com/b4f9bbd2ad18b5ad40c21defbc6853cb/tumblr_mkx4664sJN1qdozhyo1_500.jpg</photo-url><photo-url max-width="400">http://24.media.tumblr.com/b4f9bbd2ad18b5ad40c21defbc6853cb/tumblr_mkx4664sJN1qdozhyo1_400.jpg</photo-url><photo-url max-width="250">http://24.media.tumblr.com/b4f9bbd2ad18b5ad40c21defbc6853cb/tumblr_mkx4664sJN1qdozhyo1_250.jpg</photo-url><photo-url max-width="100">http://31.media.tumblr.com/b4f9bbd2ad18b5ad40c21defbc6853cb/tumblr_mkx4664sJN1qdozhyo1_100.jpg</photo-url><photo-url max-width="75">http://24.media.tumblr.com/b4f9bbd2ad18b5ad40c21defbc6853cb/tumblr_mkx4664sJN1qdozhyo1_75sq.jpg</photo-url><tag>dumaguete</tag><tag>negros</tag><tag>negros oriental</tag><tag>philippines</tag><tag>tropical</tag><tag>sunset</tag><tag>sabotai</tag><tag>palm trees</tag></post><post id="47385141319" url="http://sabotai.com/post/47385141319" url-with-slug="http://sabotai.com/post/47385141319/shibuya-tokyo-urban-dreamscapes-photography" type="photo" date-gmt="2013-04-07 18:35:17 GMT" date="Sun, 07 Apr 2013 14:35:17" unix-timestamp="1365359717" format="html" reblog-key="iNTRikKC" slug="shibuya-tokyo-urban-dreamscapes-photography" width="1024" height="683"><photo-caption>&lt;p&gt;&lt;span&gt;Shibuya, Tokyo&lt;/span&gt;&lt;br/&gt;&lt;a href="http://www.sabotai.com/"&gt;urban dreamscapes photography &lt;/a&gt;&lt;/p&gt;</photo-caption><photo-url max-width="1280">http://24.media.tumblr.com/b7a85f4bb6bf2d48ca1215100d8e6dad/tumblr_mkweatmk7K1qdozhyo1_1280.jpg</photo-url><photo-url max-width="500">http://31.media.tumblr.com/b7a85f4bb6bf2d48ca1215100d8e6dad/tumblr_mkweatmk7K1qdozhyo1_500.jpg</photo-url><photo-url max-width="400">http://24.media.tumblr.com/b7a85f4bb6bf2d48ca1215100d8e6dad/tumblr_mkweatmk7K1qdozhyo1_400.jpg</photo-url><photo-url max-width="250">http://24.media.tumblr.com/b7a85f4bb6bf2d48ca1215100d8e6dad/tumblr_mkweatmk7K1qdozhyo1_250.jpg</photo-url><photo-url max-width="100">http://24.media.tumblr.com/b7a85f4bb6bf2d48ca1215100d8e6dad/tumblr_mkweatmk7K1qdozhyo1_100.jpg</photo-url><photo-url max-width="75">http://31.media.tumblr.com/b7a85f4bb6bf2d48ca1215100d8e6dad/tumblr_mkweatmk7K1qdozhyo1_75sq.jpg</photo-url><tag>shibuya</tag><tag>tokyo</tag><tag>style</tag><tag>smoking</tag><tag>japanese</tag><tag>japan</tag><tag>urban</tag><tag>street photography</tag><tag>sabotai</tag><tag>d800</tag></post><post id="47293762528" url="http://sabotai.com/post/47293762528" url-with-slug="http://sabotai.com/post/47293762528/cebu-philippines-urban-dreamscapes-photography" type="photo" date-gmt="2013-04-06 18:34:43 GMT" date="Sat, 06 Apr 2013 14:34:43" unix-timestamp="1365273283" format="html" reblog-key="lDJcS4bd" slug="cebu-philippines-urban-dreamscapes-photography" width="1024" height="683"><photo-caption>&lt;p&gt;Cebu, Philippines&lt;br/&gt;&lt;a href="http://www.sabotai.com/"&gt;urban dreamscapes photography &lt;/a&gt;&lt;/p&gt;</photo-caption><photo-url max-width="1280">http://24.media.tumblr.com/a744afe477e1836a18e543073f71170f/tumblr_mkujlwtXBg1qdozhyo1_1280.jpg</photo-url><photo-url max-width="500">http://31.media.tumblr.com/a744afe477e1836a18e543073f71170f/tumblr_mkujlwtXBg1qdozhyo1_500.jpg</photo-url><photo-url max-width="400">http://24.media.tumblr.com/a744afe477e1836a18e543073f71170f/tumblr_mkujlwtXBg1qdozhyo1_400.jpg</photo-url><photo-url max-width="250">http://31.media.tumblr.com/a744afe477e1836a18e543073f71170f/tumblr_mkujlwtXBg1qdozhyo1_250.jpg</photo-url><photo-url max-width="100">http://31.media.tumblr.com/a744afe477e1836a18e543073f71170f/tumblr_mkujlwtXBg1qdozhyo1_100.jpg</photo-url><photo-url max-width="75">http://24.media.tumblr.com/a744afe477e1836a18e543073f71170f/tumblr_mkujlwtXBg1qdozhyo1_75sq.jpg</photo-url></post><post id="47153049202" url="http://sabotai.com/post/47153049202" url-with-slug="http://sabotai.com/post/47153049202/harajuku-tokyo-urban-dreamscapes-photography" type="photo" date-gmt="2013-04-05 01:06:20 GMT" date="Thu, 04 Apr 2013 21:06:20" unix-timestamp="1365123980" format="html" reblog-key="60kXOwd5" slug="harajuku-tokyo-urban-dreamscapes-photography" width="1024" height="683"><photo-caption>&lt;p&gt;&lt;span&gt;Harajuku, Tokyo&lt;/span&gt;&lt;br/&gt;&lt;a href="http://www.sabotai.com/"&gt;urban dreamscapes photography &lt;/a&gt;&lt;/p&gt;</photo-caption><photo-url max-width="1280">http://24.media.tumblr.com/fa1d35acff0a09f2c961c854cddce08a/tumblr_mkrcekQgWB1qdozhyo1_1280.jpg</photo-url><photo-url max-width="500">http://24.media.tumblr.com/fa1d35acff0a09f2c961c854cddce08a/tumblr_mkrcekQgWB1qdozhyo1_500.jpg</photo-url><photo-url max-width="400">http://24.media.tumblr.com/fa1d35acff0a09f2c961c854cddce08a/tumblr_mkrcekQgWB1qdozhyo1_400.jpg</photo-url><photo-url max-width="250">http://24.media.tumblr.com/fa1d35acff0a09f2c961c854cddce08a/tumblr_mkrcekQgWB1qdozhyo1_250.jpg</photo-url><photo-url max-width="100">http://31.media.tumblr.com/fa1d35acff0a09f2c961c854cddce08a/tumblr_mkrcekQgWB1qdozhyo1_100.jpg</photo-url><photo-url max-width="75">http://24.media.tumblr.com/fa1d35acff0a09f2c961c854cddce08a/tumblr_mkrcekQgWB1qdozhyo1_75sq.jpg</photo-url><tag>sabotai</tag><tag>photo</tag><tag>photography</tag><tag>harajuku</tag><tag>stairs</tag><tag>urban</tag><tag>city</tag><tag>tokyo</tag><tag>japan</tag><tag>d800</tag></post><post id="47068368007" url="http://sabotai.com/post/47068368007" url-with-slug="http://sabotai.com/post/47068368007/binondo-manila-philippines-urban-dreamscapes" type="photo" date-gmt="2013-04-04 01:04:10 GMT" date="Wed, 03 Apr 2013 21:04:10" unix-timestamp="1365037450" format="html" reblog-key="nFIdfXDZ" slug="binondo-manila-philippines-urban-dreamscapes" width="1024" height="683"><photo-caption>&lt;p&gt;&lt;span&gt;Binondo, Manila, Philippines&lt;/span&gt;&lt;br/&gt;&lt;a href="http://www.sabotai.com/"&gt;urban dreamscapes photography &lt;/a&gt;&lt;/p&gt;</photo-caption><photo-url max-width="1280">http://31.media.tumblr.com/01748e90820dbbb7b5dc7d014729b0ba/tumblr_mkphmyuAeC1qdozhyo1_1280.jpg</photo-url><photo-url max-width="500">http://24.media.tumblr.com/01748e90820dbbb7b5dc7d014729b0ba/tumblr_mkphmyuAeC1qdozhyo1_500.jpg</photo-url><photo-url max-width="400">http://31.media.tumblr.com/01748e90820dbbb7b5dc7d014729b0ba/tumblr_mkphmyuAeC1qdozhyo1_400.jpg</photo-url><photo-url max-width="250">http://31.media.tumblr.com/01748e90820dbbb7b5dc7d014729b0ba/tumblr_mkphmyuAeC1qdozhyo1_250.jpg</photo-url><photo-url max-width="100">http://31.media.tumblr.com/01748e90820dbbb7b5dc7d014729b0ba/tumblr_mkphmyuAeC1qdozhyo1_100.jpg</photo-url><photo-url max-width="75">http://24.media.tumblr.com/01748e90820dbbb7b5dc7d014729b0ba/tumblr_mkphmyuAeC1qdozhyo1_75sq.jpg</photo-url><tag>binondo</tag><tag>chinatown</tag><tag>manila</tag><tag>philippines</tag><tag>sabotai</tag><tag>horse</tag><tag>photo</tag><tag>photography</tag><tag>night</tag><tag>urban</tag><tag>city</tag></post><post id="46943334044" url="http://sabotai.com/post/46943334044" url-with-slug="http://sabotai.com/post/46943334044/harajuku-tokyo-urban-dreamscapes-photography" type="photo" date-gmt="2013-04-02 16:25:08 GMT" date="Tue, 02 Apr 2013 12:25:08" unix-timestamp="1364919908" format="html" reblog-key="i96tjKIc" slug="harajuku-tokyo-urban-dreamscapes-photography" width="683" height="1024"><photo-caption>&lt;p&gt;Harajuku, Tokyo&lt;br/&gt;&lt;a href="http://www.sabotai.com/"&gt;urban dreamscapes photography &lt;/a&gt;&lt;/p&gt;</photo-caption><photo-url max-width="1280">http://24.media.tumblr.com/a459f6cbfc30a3fda647bc23ead56fd7/tumblr_mkmyxwQXBO1qdozhyo1_1280.jpg</photo-url><photo-url max-width="500">http://31.media.tumblr.com/a459f6cbfc30a3fda647bc23ead56fd7/tumblr_mkmyxwQXBO1qdozhyo1_500.jpg</photo-url><photo-url max-width="400">http://31.media.tumblr.com/a459f6cbfc30a3fda647bc23ead56fd7/tumblr_mkmyxwQXBO1qdozhyo1_400.jpg</photo-url><photo-url max-width="250">http://31.media.tumblr.com/a459f6cbfc30a3fda647bc23ead56fd7/tumblr_mkmyxwQXBO1qdozhyo1_250.jpg</photo-url><photo-url max-width="100">http://24.media.tumblr.com/a459f6cbfc30a3fda647bc23ead56fd7/tumblr_mkmyxwQXBO1qdozhyo1_100.jpg</photo-url><photo-url max-width="75">http://24.media.tumblr.com/a459f6cbfc30a3fda647bc23ead56fd7/tumblr_mkmyxwQXBO1qdozhyo1_75sq.jpg</photo-url><tag>harajuku</tag><tag>tokyo</tag><tag>fashion</tag><tag>street</tag><tag>photography</tag><tag>sabotai</tag><tag>style</tag><tag>couple</tag><tag>urban</tag><tag>cool</tag><tag>japan</tag><tag>japanese</tag></post><post id="46870321962" url="http://sabotai.com/post/46870321962" url-with-slug="http://sabotai.com/post/46870321962/senso-ji-asakusa-tokyo-urban-dreamscapes" type="photo" date-gmt="2013-04-01 19:47:59 GMT" date="Mon, 01 Apr 2013 15:47:59" unix-timestamp="1364845679" format="html" reblog-key="mODm1RWm" slug="senso-ji-asakusa-tokyo-urban-dreamscapes" width="1024" height="683"><photo-caption>&lt;p&gt;Senso-ji, Asakusa, Tokyo&lt;br/&gt;&lt;a href="http://www.sabotai.com/"&gt;urban dreamscapes photography &lt;/a&gt;&lt;/p&gt;</photo-caption><photo-url max-width="1280">http://31.media.tumblr.com/df5ac03c84fdceced2433c186c04b0b4/tumblr_mkldnzvjrT1qdozhyo1_1280.jpg</photo-url><photo-url max-width="500">http://24.media.tumblr.com/df5ac03c84fdceced2433c186c04b0b4/tumblr_mkldnzvjrT1qdozhyo1_500.jpg</photo-url><photo-url max-width="400">http://31.media.tumblr.com/df5ac03c84fdceced2433c186c04b0b4/tumblr_mkldnzvjrT1qdozhyo1_400.jpg</photo-url><photo-url max-width="250">http://24.media.tumblr.com/df5ac03c84fdceced2433c186c04b0b4/tumblr_mkldnzvjrT1qdozhyo1_250.jpg</photo-url><photo-url max-width="100">http://24.media.tumblr.com/df5ac03c84fdceced2433c186c04b0b4/tumblr_mkldnzvjrT1qdozhyo1_100.jpg</photo-url><photo-url max-width="75">http://31.media.tumblr.com/df5ac03c84fdceced2433c186c04b0b4/tumblr_mkldnzvjrT1qdozhyo1_75sq.jpg</photo-url><tag>sensoji</tag><tag>asakusa</tag><tag>tokyo</tag><tag>urban</tag><tag>city</tag><tag>temple</tag><tag>buddhist</tag><tag>buddhism</tag><tag>religion</tag></post><post id="44865398963" url="http://sabotai.com/post/44865398963" url-with-slug="http://sabotai.com/post/44865398963/from-the-archives-08-08-09-greenwich-village" type="photo" date-gmt="2013-03-08 16:30:10 GMT" date="Fri, 08 Mar 2013 11:30:10" unix-timestamp="1362760210" format="html" reblog-key="2o4nc1dX" slug="from-the-archives-08-08-09-greenwich-village" width="1024" height="680"><photo-caption>&lt;p&gt;From the Archives - 08/08/09&lt;/p&gt;
&lt;p&gt;Greenwich Village, Manhattan, NYC&lt;br/&gt;&lt;a href="http://www.sabotai.com/"&gt;urban dreamscapes photography &lt;/a&gt;&lt;/p&gt;</photo-caption><photo-url max-width="1280">http://31.media.tumblr.com/cb7b73237a89de846ba325936ea5a9b9/tumblr_mj3tozM0tj1qdozhyo1_1280.jpg</photo-url><photo-url max-width="500">http://24.media.tumblr.com/cb7b73237a89de846ba325936ea5a9b9/tumblr_mj3tozM0tj1qdozhyo1_500.jpg</photo-url><photo-url max-width="400">http://24.media.tumblr.com/cb7b73237a89de846ba325936ea5a9b9/tumblr_mj3tozM0tj1qdozhyo1_400.jpg</photo-url><photo-url max-width="250">http://24.media.tumblr.com/cb7b73237a89de846ba325936ea5a9b9/tumblr_mj3tozM0tj1qdozhyo1_250.jpg</photo-url><photo-url max-width="100">http://24.media.tumblr.com/cb7b73237a89de846ba325936ea5a9b9/tumblr_mj3tozM0tj1qdozhyo1_100.jpg</photo-url><photo-url max-width="75">http://24.media.tumblr.com/cb7b73237a89de846ba325936ea5a9b9/tumblr_mj3tozM0tj1qdozhyo1_75sq.jpg</photo-url><tag>naptime</tag><tag>nap</tag><tag>fat</tag><tag>lol</tag><tag>funny</tag><tag>portrait</tag><tag>candid</tag><tag>street photography</tag><tag>d90</tag><tag>sabotai</tag><tag>human</tag><tag>photo</tag><tag>photography</tag></post><post id="44788917461" url="http://sabotai.com/post/44788917461" url-with-slug="http://sabotai.com/post/44788917461/from-the-archives-3-11-08-montrose-houston" type="photo" date-gmt="2013-03-07 16:30:45 GMT" date="Thu, 07 Mar 2013 11:30:45" unix-timestamp="1362673845" format="html" reblog-key="nNjaDTYw" slug="from-the-archives-3-11-08-montrose-houston" width="1024" height="685"><photo-caption>&lt;p&gt;From the Archives - 3/11/08&lt;/p&gt;
&lt;p&gt;Montrose, Houston&lt;br/&gt;&lt;a href="http://www.sabotai.com/"&gt;urban dreamscapes photography &lt;/a&gt;&lt;/p&gt;</photo-caption><photo-url max-width="1280">http://31.media.tumblr.com/0090d8460ba9367bfc8a2c4888daa0a7/tumblr_mj3tk6ukXO1qdozhyo1_1280.jpg</photo-url><photo-url max-width="500">http://31.media.tumblr.com/0090d8460ba9367bfc8a2c4888daa0a7/tumblr_mj3tk6ukXO1qdozhyo1_500.jpg</photo-url><photo-url max-width="400">http://24.media.tumblr.com/0090d8460ba9367bfc8a2c4888daa0a7/tumblr_mj3tk6ukXO1qdozhyo1_400.jpg</photo-url><photo-url max-width="250">http://31.media.tumblr.com/0090d8460ba9367bfc8a2c4888daa0a7/tumblr_mj3tk6ukXO1qdozhyo1_250.jpg</photo-url><photo-url max-width="100">http://24.media.tumblr.com/0090d8460ba9367bfc8a2c4888daa0a7/tumblr_mj3tk6ukXO1qdozhyo1_100.jpg</photo-url><photo-url max-width="75">http://24.media.tumblr.com/0090d8460ba9367bfc8a2c4888daa0a7/tumblr_mj3tk6ukXO1qdozhyo1_75sq.jpg</photo-url><tag>montrose</tag><tag>houston</tag><tag>texas</tag><tag>tx</tag><tag>car</tag><tag>banana</tag><tag>banana plants</tag><tag>banana trees</tag><tag>apartment</tag><tag>photo</tag><tag>photography</tag></post><post id="44711487141" url="http://sabotai.com/post/44711487141" url-with-slug="http://sabotai.com/post/44711487141/1-2-murder-by-death-3-4-5-man-man-music-hall" type="photo" date-gmt="2013-03-06 16:30:11 GMT" date="Wed, 06 Mar 2013 11:30:11" unix-timestamp="1362587411" format="html" reblog-key="Yqck9qlE" slug="1-2-murder-by-death-3-4-5-man-man-music-hall" width="683" height="1024"><photo-caption>&lt;p&gt;1,2 - &lt;a href="http://www.last.fm/music/Murder+by+Death?ac=murder%20by%20death"&gt;Murder by Death&lt;/a&gt;&lt;br/&gt;3,4,5 - &lt;a href="http://www.last.fm/music/Man+Man" target="_blank"&gt;Man Man&lt;/a&gt;&lt;/p&gt;
&lt;p&gt;Music Hall of Williamsburg, Brooklyn, NYC&lt;br/&gt;&lt;a href="http://www.sabotai.com/"&gt;urban dreamscapes photography &lt;/a&gt;&lt;/p&gt;</photo-caption><photo-url max-width="1280">http://31.media.tumblr.com/44f25d178b5f8b15e92a7572317f4631/tumblr_mj3sxclTKJ1qdozhyo1_1280.jpg</photo-url><photo-url max-width="500">http://31.media.tumblr.com/44f25d178b5f8b15e92a7572317f4631/tumblr_mj3sxclTKJ1qdozhyo1_500.jpg</photo-url><photo-url max-width="400">http://31.media.tumblr.com/44f25d178b5f8b15e92a7572317f4631/tumblr_mj3sxclTKJ1qdozhyo1_400.jpg</photo-url><photo-url max-width="250">http://31.media.tumblr.com/44f25d178b5f8b15e92a7572317f4631/tumblr_mj3sxclTKJ1qdozhyo1_250.jpg</photo-url><photo-url max-width="100">http://31.media.tumblr.com/44f25d178b5f8b15e92a7572317f4631/tumblr_mj3sxclTKJ1qdozhyo1_100.jpg</photo-url><photo-url max-width="75">http://31.media.tumblr.com/44f25d178b5f8b15e92a7572317f4631/tumblr_mj3sxclTKJ1qdozhyo1_75sq.jpg</photo-url><photoset><photo offset="o1" caption="" width="683" height="1024"><photo-url max-width="1280">http://31.media.tumblr.com/44f25d178b5f8b15e92a7572317f4631/tumblr_mj3sxclTKJ1qdozhyo1_1280.jpg</photo-url><photo-url max-width="500">http://31.media.tumblr.com/44f25d178b5f8b15e92a7572317f4631/tumblr_mj3sxclTKJ1qdozhyo1_500.jpg</photo-url><photo-url max-width="400">http://31.media.tumblr.com/44f25d178b5f8b15e92a7572317f4631/tumblr_mj3sxclTKJ1qdozhyo1_400.jpg</photo-url><photo-url max-width="250">http://31.media.tumblr.com/44f25d178b5f8b15e92a7572317f4631/tumblr_mj3sxclTKJ1qdozhyo1_250.jpg</photo-url><photo-url max-width="100">http://31.media.tumblr.com/44f25d178b5f8b15e92a7572317f4631/tumblr_mj3sxclTKJ1qdozhyo1_100.jpg</photo-url><photo-url max-width="75">http://31.media.tumblr.com/44f25d178b5f8b15e92a7572317f4631/tumblr_mj3sxclTKJ1qdozhyo1_75sq.jpg</photo-url></photo><photo offset="o2" caption="" width="683" height="1024"><photo-url max-width="1280">http://31.media.tumblr.com/b9e1610d8dadf7c6673a145316d62664/tumblr_mj3sxclTKJ1qdozhyo2_1280.jpg</photo-url><photo-url max-width="500">http://24.media.tumblr.com/b9e1610d8dadf7c6673a145316d62664/tumblr_mj3sxclTKJ1qdozhyo2_500.jpg</photo-url><photo-url max-width="400">http://31.media.tumblr.com/b9e1610d8dadf7c6673a145316d62664/tumblr_mj3sxclTKJ1qdozhyo2_400.jpg</photo-url><photo-url max-width="250">http://31.media.tumblr.com/b9e1610d8dadf7c6673a145316d62664/tumblr_mj3sxclTKJ1qdozhyo2_250.jpg</photo-url><photo-url max-width="100">http://24.media.tumblr.com/b9e1610d8dadf7c6673a145316d62664/tumblr_mj3sxclTKJ1qdozhyo2_100.jpg</photo-url><photo-url max-width="75">http://31.media.tumblr.com/b9e1610d8dadf7c6673a145316d62664/tumblr_mj3sxclTKJ1qdozhyo2_75sq.jpg</photo-url></photo><photo offset="o3" caption="" width="1024" height="683"><photo-url max-width="1280">http://31.media.tumblr.com/2e0f1b9cbed7fef59197090f033ac356/tumblr_mj3sxclTKJ1qdozhyo3_1280.jpg</photo-url><photo-url max-width="500">http://24.media.tumblr.com/2e0f1b9cbed7fef59197090f033ac356/tumblr_mj3sxclTKJ1qdozhyo3_500.jpg</photo-url><photo-url max-width="400">http://31.media.tumblr.com/2e0f1b9cbed7fef59197090f033ac356/tumblr_mj3sxclTKJ1qdozhyo3_400.jpg</photo-url><photo-url max-width="250">http://24.media.tumblr.com/2e0f1b9cbed7fef59197090f033ac356/tumblr_mj3sxclTKJ1qdozhyo3_250.jpg</photo-url><photo-url max-width="100">http://31.media.tumblr.com/2e0f1b9cbed7fef59197090f033ac356/tumblr_mj3sxclTKJ1qdozhyo3_100.jpg</photo-url><photo-url max-width="75">http://31.media.tumblr.com/2e0f1b9cbed7fef59197090f033ac356/tumblr_mj3sxclTKJ1qdozhyo3_75sq.jpg</photo-url></photo><photo offset="o5" caption="" width="1024" height="683"><photo-url max-width="1280">http://24.media.tumblr.com/f7c86fc4ada6580c5192d58b9c6b2e73/tumblr_mj3sxclTKJ1qdozhyo5_1280.jpg</photo-url><photo-url max-width="500">http://24.media.tumblr.com/f7c86fc4ada6580c5192d58b9c6b2e73/tumblr_mj3sxclTKJ1qdozhyo5_500.jpg</photo-url><photo-url max-width="400">http://31.media.tumblr.com/f7c86fc4ada6580c5192d58b9c6b2e73/tumblr_mj3sxclTKJ1qdozhyo5_400.jpg</photo-url><photo-url max-width="250">http://24.media.tumblr.com/f7c86fc4ada6580c5192d58b9c6b2e73/tumblr_mj3sxclTKJ1qdozhyo5_250.jpg</photo-url><photo-url max-width="100">http://24.media.tumblr.com/f7c86fc4ada6580c5192d58b9c6b2e73/tumblr_mj3sxclTKJ1qdozhyo5_100.jpg</photo-url><photo-url max-width="75">http://31.media.tumblr.com/f7c86fc4ada6580c5192d58b9c6b2e73/tumblr_mj3sxclTKJ1qdozhyo5_75sq.jpg</photo-url></photo><photo offset="o6" caption="" width="683" height="1024"><photo-url max-width="1280">http://24.media.tumblr.com/19b474a1687f254555c7891c856acece/tumblr_mj3sxclTKJ1qdozhyo6_1280.jpg</photo-url><photo-url max-width="500">http://24.media.tumblr.com/19b474a1687f254555c7891c856acece/tumblr_mj3sxclTKJ1qdozhyo6_500.jpg</photo-url><photo-url max-width="400">http://31.media.tumblr.com/19b474a1687f254555c7891c856acece/tumblr_mj3sxclTKJ1qdozhyo6_400.jpg</photo-url><photo-url max-width="250">http://31.media.tumblr.com/19b474a1687f254555c7891c856acece/tumblr_mj3sxclTKJ1qdozhyo6_250.jpg</photo-url><photo-url max-width="100">http://24.media.tumblr.com/19b474a1687f254555c7891c856acece/tumblr_mj3sxclTKJ1qdozhyo6_100.jpg</photo-url><photo-url max-width="75">http://31.media.tumblr.com/19b474a1687f254555c7891c856acece/tumblr_mj3sxclTKJ1qdozhyo6_75sq.jpg</photo-url></photo></photoset><tag>murder by death</tag><tag>manman</tag><tag>man man</tag><tag>concert</tag><tag>d800</tag><tag>music hall of williamsburg</tag><tag>show</tag><tag>brooklyn</tag><tag>2013</tag><tag>nyc</tag><tag>new york</tag><tag>new york city</tag><tag>indie</tag></post><post id="44633387748" url="http://sabotai.com/post/44633387748" url-with-slug="http://sabotai.com/post/44633387748/doyers-street-early-in-the-century-the-bend-in" type="photo" date-gmt="2013-03-05 16:30:33 GMT" date="Tue, 05 Mar 2013 11:30:33" unix-timestamp="1362501033" format="html" reblog-key="ddTLP6RK" slug="doyers-street-early-in-the-century-the-bend-in" width="1024" height="683"><photo-caption>&lt;p&gt;&lt;a href="http://en.wikipedia.org/wiki/Doyers_Street" target="_blank"&gt;Doyers Street&lt;/a&gt;&lt;/p&gt;
&lt;blockquote&gt;
&lt;p&gt;&lt;span&gt;Early in the century, the bend in the street became known as &amp;#8220;the Bloody Angle&amp;#8221; because of numerous shootings among the&lt;/span&gt;&lt;span&gt; Tong Gangs of Chinatown that lasted into the 1930s.  &lt;/span&gt;&lt;sup class="reference" id="cite_ref-Kifner_4-0"&gt;&lt;/sup&gt;&lt;span&gt;Hatchets were frequently used, leading to the creation of the expression, &lt;/span&gt;&lt;span&gt;"hatchet man".&lt;/span&gt;&lt;sup class="reference" id="cite_ref-Kifner_4-1"&gt;&lt;/sup&gt;&lt;span&gt; In 1994, law enforcement officials said that more people died violently at the &amp;#8220;Bloody Angle&amp;#8221; than at any other street intersection in the United States.&lt;/span&gt;&lt;/p&gt;
&lt;/blockquote&gt;
&lt;p&gt;Chinatown, Manhattan, NYC&lt;br/&gt;&lt;a href="http://www.sabotai.com/"&gt;urban dreamscapes photography&lt;/a&gt;&lt;/p&gt;</photo-caption><photo-url max-width="1280">http://24.media.tumblr.com/fc4e7fc7402f2f19f4620467b2d53c5f/tumblr_mj5t8nIjfY1qdozhyo1_1280.jpg</photo-url><photo-url max-width="500">http://24.media.tumblr.com/fc4e7fc7402f2f19f4620467b2d53c5f/tumblr_mj5t8nIjfY1qdozhyo1_500.jpg</photo-url><photo-url max-width="400">http://24.media.tumblr.com/fc4e7fc7402f2f19f4620467b2d53c5f/tumblr_mj5t8nIjfY1qdozhyo1_400.jpg</photo-url><photo-url max-width="250">http://31.media.tumblr.com/fc4e7fc7402f2f19f4620467b2d53c5f/tumblr_mj5t8nIjfY1qdozhyo1_250.jpg</photo-url><photo-url max-width="100">http://24.media.tumblr.com/fc4e7fc7402f2f19f4620467b2d53c5f/tumblr_mj5t8nIjfY1qdozhyo1_100.jpg</photo-url><photo-url max-width="75">http://31.media.tumblr.com/fc4e7fc7402f2f19f4620467b2d53c5f/tumblr_mj5t8nIjfY1qdozhyo1_75sq.jpg</photo-url><photoset><photo offset="o1" caption="" width="1024" height="683"><photo-url max-width="1280">http://24.media.tumblr.com/fc4e7fc7402f2f19f4620467b2d53c5f/tumblr_mj5t8nIjfY1qdozhyo1_1280.jpg</photo-url><photo-url max-width="500">http://24.media.tumblr.com/fc4e7fc7402f2f19f4620467b2d53c5f/tumblr_mj5t8nIjfY1qdozhyo1_500.jpg</photo-url><photo-url max-width="400">http://24.media.tumblr.com/fc4e7fc7402f2f19f4620467b2d53c5f/tumblr_mj5t8nIjfY1qdozhyo1_400.jpg</photo-url><photo-url max-width="250">http://31.media.tumblr.com/fc4e7fc7402f2f19f4620467b2d53c5f/tumblr_mj5t8nIjfY1qdozhyo1_250.jpg</photo-url><photo-url max-width="100">http://24.media.tumblr.com/fc4e7fc7402f2f19f4620467b2d53c5f/tumblr_mj5t8nIjfY1qdozhyo1_100.jpg</photo-url><photo-url max-width="75">http://31.media.tumblr.com/fc4e7fc7402f2f19f4620467b2d53c5f/tumblr_mj5t8nIjfY1qdozhyo1_75sq.jpg</photo-url></photo><photo offset="o2" caption="" width="1024" height="683"><photo-url max-width="1280">http://24.media.tumblr.com/9a43dbbed876ae26676761235e7e4f52/tumblr_mj5t8nIjfY1qdozhyo2_1280.jpg</photo-url><photo-url max-width="500">http://24.media.tumblr.com/9a43dbbed876ae26676761235e7e4f52/tumblr_mj5t8nIjfY1qdozhyo2_500.jpg</photo-url><photo-url max-width="400">http://31.media.tumblr.com/9a43dbbed876ae26676761235e7e4f52/tumblr_mj5t8nIjfY1qdozhyo2_400.jpg</photo-url><photo-url max-width="250">http://24.media.tumblr.com/9a43dbbed876ae26676761235e7e4f52/tumblr_mj5t8nIjfY1qdozhyo2_250.jpg</photo-url><photo-url max-width="100">http://24.media.tumblr.com/9a43dbbed876ae26676761235e7e4f52/tumblr_mj5t8nIjfY1qdozhyo2_100.jpg</photo-url><photo-url max-width="75">http://31.media.tumblr.com/9a43dbbed876ae26676761235e7e4f52/tumblr_mj5t8nIjfY1qdozhyo2_75sq.jpg</photo-url></photo><photo offset="o3" caption="" width="1024" height="683"><photo-url max-width="1280">http://24.media.tumblr.com/707a75ef8d9e82e52c1fe71a7d34b1da/tumblr_mj5t8nIjfY1qdozhyo3_1280.jpg</photo-url><photo-url max-width="500">http://31.media.tumblr.com/707a75ef8d9e82e52c1fe71a7d34b1da/tumblr_mj5t8nIjfY1qdozhyo3_500.jpg</photo-url><photo-url max-width="400">http://24.media.tumblr.com/707a75ef8d9e82e52c1fe71a7d34b1da/tumblr_mj5t8nIjfY1qdozhyo3_400.jpg</photo-url><photo-url max-width="250">http://24.media.tumblr.com/707a75ef8d9e82e52c1fe71a7d34b1da/tumblr_mj5t8nIjfY1qdozhyo3_250.jpg</photo-url><photo-url max-width="100">http://31.media.tumblr.com/707a75ef8d9e82e52c1fe71a7d34b1da/tumblr_mj5t8nIjfY1qdozhyo3_100.jpg</photo-url><photo-url max-width="75">http://31.media.tumblr.com/707a75ef8d9e82e52c1fe71a7d34b1da/tumblr_mj5t8nIjfY1qdozhyo3_75sq.jpg</photo-url></photo></photoset><tag>chinatown</tag><tag>manhattan</tag><tag>nyc</tag><tag>new york</tag><tag>new york city</tag><tag>d800</tag><tag>urban</tag><tag>photo</tag><tag>street</tag><tag>doyers</tag><tag>doyers st</tag><tag>night</tag><tag>city</tag><tag>gritty</tag><tag>narrow</tag><tag>sabotai</tag></post><post id="44545848002" url="http://sabotai.com/post/44545848002" url-with-slug="http://sabotai.com/post/44545848002/from-the-archives-07-10-10-ridgewood-queens" type="photo" date-gmt="2013-03-04 16:30:20 GMT" date="Mon, 04 Mar 2013 11:30:20" unix-timestamp="1362414620" format="html" reblog-key="p1rh7LjQ" slug="from-the-archives-07-10-10-ridgewood-queens" width="1024" height="768"><photo-caption>&lt;p&gt;From the Archives - 07/10/10&lt;/p&gt;
&lt;p&gt;Ridgewood, Queens, NYC&lt;br/&gt;&lt;a href="http://www.sabotai.com/"&gt;urban dreamscapes photography &lt;/a&gt;&lt;/p&gt;</photo-caption><photo-url max-width="1280">http://24.media.tumblr.com/07d379ad29335b78a237db9506e97f57/tumblr_mj3tt8fDSC1qdozhyo1_1280.jpg</photo-url><photo-url max-width="500">http://24.media.tumblr.com/07d379ad29335b78a237db9506e97f57/tumblr_mj3tt8fDSC1qdozhyo1_500.jpg</photo-url><photo-url max-width="400">http://31.media.tumblr.com/07d379ad29335b78a237db9506e97f57/tumblr_mj3tt8fDSC1qdozhyo1_400.jpg</photo-url><photo-url max-width="250">http://24.media.tumblr.com/07d379ad29335b78a237db9506e97f57/tumblr_mj3tt8fDSC1qdozhyo1_250.jpg</photo-url><photo-url max-width="100">http://24.media.tumblr.com/07d379ad29335b78a237db9506e97f57/tumblr_mj3tt8fDSC1qdozhyo1_100.jpg</photo-url><photo-url max-width="75">http://31.media.tumblr.com/07d379ad29335b78a237db9506e97f57/tumblr_mj3tt8fDSC1qdozhyo1_75sq.jpg</photo-url><tag>queens</tag><tag>gf1</tag><tag>nyc</tag><tag>new york</tag><tag>new york city</tag><tag>trash</tag><tag>rubbish</tag><tag>ridgewood</tag><tag>vintage</tag><tag>photo</tag><tag>photography</tag></post><post id="44461716248" url="http://sabotai.com/post/44461716248" url-with-slug="http://sabotai.com/post/44461716248/fishbone-brooklyn-bowl-brooklyn-nyc-urban" type="photo" date-gmt="2013-03-03 16:30:12 GMT" date="Sun, 03 Mar 2013 11:30:12" unix-timestamp="1362328212" format="html" reblog-key="JvixHUeK" slug="fishbone-brooklyn-bowl-brooklyn-nyc-urban" width="1024" height="683"><photo-caption>&lt;p&gt;&lt;a href="http://www.last.fm/music/Fishbone?ac=fishbone" target="_blank"&gt;Fishbone&lt;/a&gt;&lt;/p&gt;
&lt;p&gt;&lt;span&gt;Brooklyn Bowl, Brooklyn, NYC&lt;/span&gt;&lt;br/&gt;&lt;a href="http://www.sabotai.com/"&gt;urban dreamscapes photography &lt;/a&gt;&lt;/p&gt;</photo-caption><photo-url max-width="1280">http://31.media.tumblr.com/5d97f071fc9a41d30544214bfabc1fdb/tumblr_mj1waflzAb1qdozhyo3_1280.jpg</photo-url><photo-url max-width="500">http://31.media.tumblr.com/5d97f071fc9a41d30544214bfabc1fdb/tumblr_mj1waflzAb1qdozhyo3_500.jpg</photo-url><photo-url max-width="400">http://31.media.tumblr.com/5d97f071fc9a41d30544214bfabc1fdb/tumblr_mj1waflzAb1qdozhyo3_400.jpg</photo-url><photo-url max-width="250">http://24.media.tumblr.com/5d97f071fc9a41d30544214bfabc1fdb/tumblr_mj1waflzAb1qdozhyo3_250.jpg</photo-url><photo-url max-width="100">http://24.media.tumblr.com/5d97f071fc9a41d30544214bfabc1fdb/tumblr_mj1waflzAb1qdozhyo3_100.jpg</photo-url><photo-url max-width="75">http://31.media.tumblr.com/5d97f071fc9a41d30544214bfabc1fdb/tumblr_mj1waflzAb1qdozhyo3_75sq.jpg</photo-url><photoset><photo offset="o3" caption="" width="1024" height="683"><photo-url max-width="1280">http://31.media.tumblr.com/5d97f071fc9a41d30544214bfabc1fdb/tumblr_mj1waflzAb1qdozhyo3_1280.jpg</photo-url><photo-url max-width="500">http://31.media.tumblr.com/5d97f071fc9a41d30544214bfabc1fdb/tumblr_mj1waflzAb1qdozhyo3_500.jpg</photo-url><photo-url max-width="400">http://31.media.tumblr.com/5d97f071fc9a41d30544214bfabc1fdb/tumblr_mj1waflzAb1qdozhyo3_400.jpg</photo-url><photo-url max-width="250">http://24.media.tumblr.com/5d97f071fc9a41d30544214bfabc1fdb/tumblr_mj1waflzAb1qdozhyo3_250.jpg</photo-url><photo-url max-width="100">http://24.media.tumblr.com/5d97f071fc9a41d30544214bfabc1fdb/tumblr_mj1waflzAb1qdozhyo3_100.jpg</photo-url><photo-url max-width="75">http://31.media.tumblr.com/5d97f071fc9a41d30544214bfabc1fdb/tumblr_mj1waflzAb1qdozhyo3_75sq.jpg</photo-url></photo><photo offset="o1" caption="" width="1024" height="683"><photo-url max-width="1280">http://24.media.tumblr.com/06fc94cbc686d9cf6afa683f6807ba18/tumblr_mj1waflzAb1qdozhyo1_1280.jpg</photo-url><photo-url max-width="500">http://24.media.tumblr.com/06fc94cbc686d9cf6afa683f6807ba18/tumblr_mj1waflzAb1qdozhyo1_500.jpg</photo-url><photo-url max-width="400">http://31.media.tumblr.com/06fc94cbc686d9cf6afa683f6807ba18/tumblr_mj1waflzAb1qdozhyo1_400.jpg</photo-url><photo-url max-width="250">http://24.media.tumblr.com/06fc94cbc686d9cf6afa683f6807ba18/tumblr_mj1waflzAb1qdozhyo1_250.jpg</photo-url><photo-url max-width="100">http://31.media.tumblr.com/06fc94cbc686d9cf6afa683f6807ba18/tumblr_mj1waflzAb1qdozhyo1_100.jpg</photo-url><photo-url max-width="75">http://31.media.tumblr.com/06fc94cbc686d9cf6afa683f6807ba18/tumblr_mj1waflzAb1qdozhyo1_75sq.jpg</photo-url></photo><photo offset="o2" caption="" width="1024" height="683"><photo-url max-width="1280">http://24.media.tumblr.com/06402dd69bf9abc6f2a43e1b2f3f48c9/tumblr_mj1waflzAb1qdozhyo2_1280.jpg</photo-url><photo-url max-width="500">http://24.media.tumblr.com/06402dd69bf9abc6f2a43e1b2f3f48c9/tumblr_mj1waflzAb1qdozhyo2_500.jpg</photo-url><photo-url max-width="400">http://31.media.tumblr.com/06402dd69bf9abc6f2a43e1b2f3f48c9/tumblr_mj1waflzAb1qdozhyo2_400.jpg</photo-url><photo-url max-width="250">http://24.media.tumblr.com/06402dd69bf9abc6f2a43e1b2f3f48c9/tumblr_mj1waflzAb1qdozhyo2_250.jpg</photo-url><photo-url max-width="100">http://24.media.tumblr.com/06402dd69bf9abc6f2a43e1b2f3f48c9/tumblr_mj1waflzAb1qdozhyo2_100.jpg</photo-url><photo-url max-width="75">http://31.media.tumblr.com/06402dd69bf9abc6f2a43e1b2f3f48c9/tumblr_mj1waflzAb1qdozhyo2_75sq.jpg</photo-url></photo></photoset><tag>brooklyn bowl</tag><tag>fishbone</tag><tag>concert</tag><tag>show</tag><tag>music</tag><tag>live</tag><tag>brooklyn</tag><tag>nyc</tag><tag>new york</tag><tag>new york city</tag><tag>d800</tag><tag>williamsburg</tag><tag>black</tag><tag>ska</tag><tag>alternative</tag></post><post id="44222914698" url="http://sabotai.com/post/44222914698" url-with-slug="http://sabotai.com/post/44222914698/hells-kitchen-manhattan-nyc-urban-dreamscapes" type="photo" date-gmt="2013-02-28 16:30:21 GMT" date="Thu, 28 Feb 2013 11:30:21" unix-timestamp="1362069021" format="html" reblog-key="pTBEoHj3" slug="hells-kitchen-manhattan-nyc-urban-dreamscapes" width="1024" height="683"><photo-caption>&lt;p&gt;&lt;span&gt;Hell&amp;#8217;s Kitchen, Manhattan, NYC&lt;/span&gt;&lt;br/&gt;&lt;a href="http://www.sabotai.com/"&gt;urban dreamscapes photography &lt;/a&gt;&lt;/p&gt;</photo-caption><photo-url max-width="1280">http://31.media.tumblr.com/8176cd49f97338f8faacb41f0e32bc60/tumblr_miuw6svtxi1qdozhyo1_1280.jpg</photo-url><photo-url max-width="500">http://31.media.tumblr.com/8176cd49f97338f8faacb41f0e32bc60/tumblr_miuw6svtxi1qdozhyo1_500.jpg</photo-url><photo-url max-width="400">http://24.media.tumblr.com/8176cd49f97338f8faacb41f0e32bc60/tumblr_miuw6svtxi1qdozhyo1_400.jpg</photo-url><photo-url max-width="250">http://31.media.tumblr.com/8176cd49f97338f8faacb41f0e32bc60/tumblr_miuw6svtxi1qdozhyo1_250.jpg</photo-url><photo-url max-width="100">http://31.media.tumblr.com/8176cd49f97338f8faacb41f0e32bc60/tumblr_miuw6svtxi1qdozhyo1_100.jpg</photo-url><photo-url max-width="75">http://31.media.tumblr.com/8176cd49f97338f8faacb41f0e32bc60/tumblr_miuw6svtxi1qdozhyo1_75sq.jpg</photo-url><tag>hells kitchen</tag><tag>clinton</tag><tag>nyc</tag><tag>new york</tag><tag>new york city</tag><tag>port authority</tag><tag>d800</tag><tag>sabotai</tag><tag>manhattan</tag><tag>taxi</tag><tag>cab</tag><tag>urban</tag><tag>street</tag><tag>night</tag></post><post id="44145542364" url="http://sabotai.com/post/44145542364" url-with-slug="http://sabotai.com/post/44145542364/soho-manhattan-nyc-urban-dreamscapes" type="photo" date-gmt="2013-02-27 16:30:10 GMT" date="Wed, 27 Feb 2013 11:30:10" unix-timestamp="1361982610" format="html" reblog-key="foy3ckzq" slug="soho-manhattan-nyc-urban-dreamscapes" width="1024" height="683"><photo-caption>&lt;p&gt;&lt;span&gt;SoHo, Manhattan, NYC&lt;/span&gt;&lt;br/&gt;&lt;a href="http://www.sabotai.com/"&gt;urban dreamscapes photography &lt;/a&gt;&lt;/p&gt;</photo-caption><photo-url max-width="1280">http://31.media.tumblr.com/a4348766515ee3a69bdb5f3c16fb23c3/tumblr_mit3og4Kcl1qdozhyo1_1280.jpg</photo-url><photo-url max-width="500">http://31.media.tumblr.com/a4348766515ee3a69bdb5f3c16fb23c3/tumblr_mit3og4Kcl1qdozhyo1_500.jpg</photo-url><photo-url max-width="400">http://24.media.tumblr.com/a4348766515ee3a69bdb5f3c16fb23c3/tumblr_mit3og4Kcl1qdozhyo1_400.jpg</photo-url><photo-url max-width="250">http://31.media.tumblr.com/a4348766515ee3a69bdb5f3c16fb23c3/tumblr_mit3og4Kcl1qdozhyo1_250.jpg</photo-url><photo-url max-width="100">http://31.media.tumblr.com/a4348766515ee3a69bdb5f3c16fb23c3/tumblr_mit3og4Kcl1qdozhyo1_100.jpg</photo-url><photo-url max-width="75">http://31.media.tumblr.com/a4348766515ee3a69bdb5f3c16fb23c3/tumblr_mit3og4Kcl1qdozhyo1_75sq.jpg</photo-url><tag>soho</tag><tag>manhattan</tag><tag>nyc</tag><tag>new york</tag><tag>new york city</tag><tag>d800</tag><tag>sabotai</tag><tag>urban</tag><tag>city</tag><tag>walk</tag><tag>pedestrian</tag></post><post id="44067309961" url="http://sabotai.com/post/44067309961" url-with-slug="http://sabotai.com/post/44067309961/false-alarm-soho-manhattan-nyc-urban" type="photo" date-gmt="2013-02-26 16:30:24 GMT" date="Tue, 26 Feb 2013 11:30:24" unix-timestamp="1361896224" format="html" reblog-key="kK0DS6sa" slug="false-alarm-soho-manhattan-nyc-urban" width="1024" height="683"><photo-caption>&lt;p&gt;&lt;span&gt;False Alarm&lt;/span&gt;&lt;/p&gt;
&lt;p&gt;&lt;span&gt;SoHo, Manhattan, NYC&lt;/span&gt;&lt;br/&gt;&lt;a href="http://www.sabotai.com/"&gt;urban dreamscapes photography &lt;/a&gt;&lt;/p&gt;</photo-caption><photo-url max-width="1280">http://24.media.tumblr.com/c309c522c0f2755c52172de6b6bff7cc/tumblr_mit3r1OKF11qdozhyo1_1280.jpg</photo-url><photo-url max-width="500">http://24.media.tumblr.com/c309c522c0f2755c52172de6b6bff7cc/tumblr_mit3r1OKF11qdozhyo1_500.jpg</photo-url><photo-url max-width="400">http://24.media.tumblr.com/c309c522c0f2755c52172de6b6bff7cc/tumblr_mit3r1OKF11qdozhyo1_400.jpg</photo-url><photo-url max-width="250">http://24.media.tumblr.com/c309c522c0f2755c52172de6b6bff7cc/tumblr_mit3r1OKF11qdozhyo1_250.jpg</photo-url><photo-url max-width="100">http://24.media.tumblr.com/c309c522c0f2755c52172de6b6bff7cc/tumblr_mit3r1OKF11qdozhyo1_100.jpg</photo-url><photo-url max-width="75">http://24.media.tumblr.com/c309c522c0f2755c52172de6b6bff7cc/tumblr_mit3r1OKF11qdozhyo1_75sq.jpg</photo-url><tag>soho</tag><tag>d800</tag><tag>sabotai</tag><tag>urban</tag><tag>alarm</tag><tag>manhattan</tag><tag>gritty</tag><tag>street art</tag><tag>fire alarm</tag><tag>nyc</tag><tag>new york</tag><tag>new york city</tag><tag>red</tag><tag>stickers</tag><tag>street</tag></post><post id="43728641181" url="http://sabotai.com/post/43728641181" url-with-slug="http://sabotai.com/post/43728641181/soho-manhattan-nyc-urban-dreamscapes" type="photo" date-gmt="2013-02-22 16:30:31 GMT" date="Fri, 22 Feb 2013 11:30:31" unix-timestamp="1361550631" format="html" reblog-key="CwcGc9YP" slug="soho-manhattan-nyc-urban-dreamscapes" width="1024" height="683"><photo-caption>&lt;p&gt;SoHo, Manhattan, NYC&lt;br/&gt;&lt;a href="http://www.sabotai.com/"&gt;urban dreamscapes photography &lt;/a&gt;&lt;/p&gt;</photo-caption><photo-url max-width="1280">http://24.media.tumblr.com/4021670a9412ea521bad4c00d79dfcdf/tumblr_mijsekqlel1qdozhyo1_1280.jpg</photo-url><photo-url max-width="500">http://31.media.tumblr.com/4021670a9412ea521bad4c00d79dfcdf/tumblr_mijsekqlel1qdozhyo1_500.jpg</photo-url><photo-url max-width="400">http://24.media.tumblr.com/4021670a9412ea521bad4c00d79dfcdf/tumblr_mijsekqlel1qdozhyo1_400.jpg</photo-url><photo-url max-width="250">http://24.media.tumblr.com/4021670a9412ea521bad4c00d79dfcdf/tumblr_mijsekqlel1qdozhyo1_250.jpg</photo-url><photo-url max-width="100">http://24.media.tumblr.com/4021670a9412ea521bad4c00d79dfcdf/tumblr_mijsekqlel1qdozhyo1_100.jpg</photo-url><photo-url max-width="75">http://31.media.tumblr.com/4021670a9412ea521bad4c00d79dfcdf/tumblr_mijsekqlel1qdozhyo1_75sq.jpg</photo-url><tag>nyc</tag><tag>soho</tag><tag>photo</tag><tag>photography</tag><tag>canal st</tag><tag>souvenirs</tag><tag>tourist</tag><tag>tourism</tag><tag>new york</tag><tag>new york city</tag><tag>d800</tag><tag>sabotai</tag><tag>manhattan</tag></post><post id="43649984945" url="http://sabotai.com/post/43649984945" url-with-slug="http://sabotai.com/post/43649984945/underground-manhattan-nyc-urban-dreamscapes" type="photo" date-gmt="2013-02-21 16:30:25 GMT" date="Thu, 21 Feb 2013 11:30:25" unix-timestamp="1361464225" format="html" reblog-key="qICKgIN3" slug="underground-manhattan-nyc-urban-dreamscapes" width="1024" height="683"><photo-caption>&lt;p&gt;&lt;span&gt;Underground, Manhattan,  NYC&lt;/span&gt;&lt;br/&gt;&lt;a href="http://www.sabotai.com/"&gt;urban dreamscapes photography &lt;/a&gt;&lt;/p&gt;</photo-caption><photo-url max-width="1280">http://31.media.tumblr.com/1af94d9086aa23813463d07b1c4d22d2/tumblr_mify8rU6D31qdozhyo1_1280.jpg</photo-url><photo-url max-width="500">http://24.media.tumblr.com/1af94d9086aa23813463d07b1c4d22d2/tumblr_mify8rU6D31qdozhyo1_500.jpg</photo-url><photo-url max-width="400">http://31.media.tumblr.com/1af94d9086aa23813463d07b1c4d22d2/tumblr_mify8rU6D31qdozhyo1_400.jpg</photo-url><photo-url max-width="250">http://24.media.tumblr.com/1af94d9086aa23813463d07b1c4d22d2/tumblr_mify8rU6D31qdozhyo1_250.jpg</photo-url><photo-url max-width="100">http://31.media.tumblr.com/1af94d9086aa23813463d07b1c4d22d2/tumblr_mify8rU6D31qdozhyo1_100.jpg</photo-url><photo-url max-width="75">http://24.media.tumblr.com/1af94d9086aa23813463d07b1c4d22d2/tumblr_mify8rU6D31qdozhyo1_75sq.jpg</photo-url><tag>nyc</tag><tag>new york</tag><tag>new york city</tag><tag>d800</tag><tag>sabotai</tag><tag>photo</tag><tag>industrial</tag><tag>tunnel</tag><tag>path</tag><tag>train</tag><tag>subway</tag></post><post id="43570871569" url="http://sabotai.com/post/43570871569" url-with-slug="http://sabotai.com/post/43570871569/five-second-bff-urban-dreamscapes-photography" type="photo" date-gmt="2013-02-20 16:30:26 GMT" date="Wed, 20 Feb 2013 11:30:26" unix-timestamp="1361377826" format="html" reblog-key="MUPJuV9p" slug="five-second-bff-urban-dreamscapes-photography" width="1024" height="683"><photo-caption>&lt;p&gt;Five Second BFF&lt;/p&gt;
&lt;p&gt;&lt;a href="http://www.sabotai.com/"&gt;urban dreamscapes photography &lt;/a&gt;&lt;/p&gt;</photo-caption><photo-url max-width="1280">http://31.media.tumblr.com/e819211ae8befcf298cbdcd15357642b/tumblr_mie2z2kNhX1qdozhyo1_1280.jpg</photo-url><photo-url max-width="500">http://24.media.tumblr.com/e819211ae8befcf298cbdcd15357642b/tumblr_mie2z2kNhX1qdozhyo1_500.jpg</photo-url><photo-url max-width="400">http://24.media.tumblr.com/e819211ae8befcf298cbdcd15357642b/tumblr_mie2z2kNhX1qdozhyo1_400.jpg</photo-url><photo-url max-width="250">http://24.media.tumblr.com/e819211ae8befcf298cbdcd15357642b/tumblr_mie2z2kNhX1qdozhyo1_250.jpg</photo-url><photo-url max-width="100">http://24.media.tumblr.com/e819211ae8befcf298cbdcd15357642b/tumblr_mie2z2kNhX1qdozhyo1_100.jpg</photo-url><photo-url max-width="75">http://31.media.tumblr.com/e819211ae8befcf298cbdcd15357642b/tumblr_mie2z2kNhX1qdozhyo1_75sq.jpg</photo-url><tag>brian</tag><tag>arial</tag><tag>photo</tag><tag>photography</tag><tag>sabotai</tag><tag>d800</tag><tag>cat</tag><tag>redhead</tag><tag>ginger</tag></post><post id="43491250430" url="http://sabotai.com/post/43491250430" url-with-slug="http://sabotai.com/post/43491250430/usps-jersey-city-urban-dreamscapes-photography" type="photo" date-gmt="2013-02-19 16:30:17 GMT" date="Tue, 19 Feb 2013 11:30:17" unix-timestamp="1361291417" format="html" reblog-key="WJYRGvze" slug="usps-jersey-city-urban-dreamscapes-photography" width="1024" height="683"><photo-caption>&lt;p&gt;&lt;span&gt;USPS, Jersey City&lt;/span&gt;&lt;br/&gt;&lt;a href="http://www.sabotai.com/"&gt;urban dreamscapes photography &lt;/a&gt;&lt;/p&gt;</photo-caption><photo-url max-width="1280">http://31.media.tumblr.com/69f124eb7d979c9c9e7567a2255a47bc/tumblr_mie1w2bS6C1qdozhyo1_1280.jpg</photo-url><photo-url max-width="500">http://24.media.tumblr.com/69f124eb7d979c9c9e7567a2255a47bc/tumblr_mie1w2bS6C1qdozhyo1_500.jpg</photo-url><photo-url max-width="400">http://31.media.tumblr.com/69f124eb7d979c9c9e7567a2255a47bc/tumblr_mie1w2bS6C1qdozhyo1_400.jpg</photo-url><photo-url max-width="250">http://24.media.tumblr.com/69f124eb7d979c9c9e7567a2255a47bc/tumblr_mie1w2bS6C1qdozhyo1_250.jpg</photo-url><photo-url max-width="100">http://31.media.tumblr.com/69f124eb7d979c9c9e7567a2255a47bc/tumblr_mie1w2bS6C1qdozhyo1_100.jpg</photo-url><photo-url max-width="75">http://31.media.tumblr.com/69f124eb7d979c9c9e7567a2255a47bc/tumblr_mie1w2bS6C1qdozhyo1_75sq.jpg</photo-url><tag>jersey city</tag><tag>new jersey</tag><tag>d800</tag><tag>sabotai</tag><tag>post office</tag><tag>po box</tag><tag>postal box</tag><tag>usps</tag><tag>photo</tag><tag>photography</tag></post><post id="43405717379" url="http://sabotai.com/post/43405717379" url-with-slug="http://sabotai.com/post/43405717379/chrome-canyon-bowery-ballroom-manhattan-nyc" type="photo" date-gmt="2013-02-18 16:30:22 GMT" date="Mon, 18 Feb 2013 11:30:22" unix-timestamp="1361205022" format="html" reblog-key="KX341dZe" slug="chrome-canyon-bowery-ballroom-manhattan-nyc" width="1024" height="683"><photo-caption>&lt;p&gt;&lt;a href="http://www.last.fm/music/Chrome+Canyon?ac=chrome%20canyon"&gt;Chrome Canyon&lt;/a&gt;&lt;/p&gt;
&lt;p&gt;&lt;span&gt;Bowery Ballroom, Manhattan, NYC&lt;/span&gt;&lt;br/&gt;&lt;a href="http://www.sabotai.com/"&gt;urban dreamscapes photography &lt;/a&gt;&lt;/p&gt;</photo-caption><photo-url max-width="1280">http://24.media.tumblr.com/2c3d4b3c874e98d7daa473d0832e959c/tumblr_midv979Uu11qdozhyo1_1280.jpg</photo-url><photo-url max-width="500">http://31.media.tumblr.com/2c3d4b3c874e98d7daa473d0832e959c/tumblr_midv979Uu11qdozhyo1_500.jpg</photo-url><photo-url max-width="400">http://24.media.tumblr.com/2c3d4b3c874e98d7daa473d0832e959c/tumblr_midv979Uu11qdozhyo1_400.jpg</photo-url><photo-url max-width="250">http://24.media.tumblr.com/2c3d4b3c874e98d7daa473d0832e959c/tumblr_midv979Uu11qdozhyo1_250.jpg</photo-url><photo-url max-width="100">http://31.media.tumblr.com/2c3d4b3c874e98d7daa473d0832e959c/tumblr_midv979Uu11qdozhyo1_100.jpg</photo-url><photo-url max-width="75">http://24.media.tumblr.com/2c3d4b3c874e98d7daa473d0832e959c/tumblr_midv979Uu11qdozhyo1_75sq.jpg</photo-url><photoset><photo offset="o1" caption="" width="1024" height="683"><photo-url max-width="1280">http://24.media.tumblr.com/2c3d4b3c874e98d7daa473d0832e959c/tumblr_midv979Uu11qdozhyo1_1280.jpg</photo-url><photo-url max-width="500">http://31.media.tumblr.com/2c3d4b3c874e98d7daa473d0832e959c/tumblr_midv979Uu11qdozhyo1_500.jpg</photo-url><photo-url max-width="400">http://24.media.tumblr.com/2c3d4b3c874e98d7daa473d0832e959c/tumblr_midv979Uu11qdozhyo1_400.jpg</photo-url><photo-url max-width="250">http://24.media.tumblr.com/2c3d4b3c874e98d7daa473d0832e959c/tumblr_midv979Uu11qdozhyo1_250.jpg</photo-url><photo-url max-width="100">http://31.media.tumblr.com/2c3d4b3c874e98d7daa473d0832e959c/tumblr_midv979Uu11qdozhyo1_100.jpg</photo-url><photo-url max-width="75">http://24.media.tumblr.com/2c3d4b3c874e98d7daa473d0832e959c/tumblr_midv979Uu11qdozhyo1_75sq.jpg</photo-url></photo><photo offset="o2" caption="" width="1024" height="683"><photo-url max-width="1280">http://31.media.tumblr.com/fcdc621090f2d51ee5090ed94599f3b8/tumblr_midv979Uu11qdozhyo2_1280.jpg</photo-url><photo-url max-width="500">http://31.media.tumblr.com/fcdc621090f2d51ee5090ed94599f3b8/tumblr_midv979Uu11qdozhyo2_500.jpg</photo-url><photo-url max-width="400">http://31.media.tumblr.com/fcdc621090f2d51ee5090ed94599f3b8/tumblr_midv979Uu11qdozhyo2_400.jpg</photo-url><photo-url max-width="250">http://31.media.tumblr.com/fcdc621090f2d51ee5090ed94599f3b8/tumblr_midv979Uu11qdozhyo2_250.jpg</photo-url><photo-url max-width="100">http://31.media.tumblr.com/fcdc621090f2d51ee5090ed94599f3b8/tumblr_midv979Uu11qdozhyo2_100.jpg</photo-url><photo-url max-width="75">http://31.media.tumblr.com/fcdc621090f2d51ee5090ed94599f3b8/tumblr_midv979Uu11qdozhyo2_75sq.jpg</photo-url></photo><photo offset="o3" caption="" width="1024" height="683"><photo-url max-width="1280">http://24.media.tumblr.com/4873fd827b790fb5d37e07592449236f/tumblr_midv979Uu11qdozhyo3_1280.jpg</photo-url><photo-url max-width="500">http://31.media.tumblr.com/4873fd827b790fb5d37e07592449236f/tumblr_midv979Uu11qdozhyo3_500.jpg</photo-url><photo-url max-width="400">http://24.media.tumblr.com/4873fd827b790fb5d37e07592449236f/tumblr_midv979Uu11qdozhyo3_400.jpg</photo-url><photo-url max-width="250">http://31.media.tumblr.com/4873fd827b790fb5d37e07592449236f/tumblr_midv979Uu11qdozhyo3_250.jpg</photo-url><photo-url max-width="100">http://31.media.tumblr.com/4873fd827b790fb5d37e07592449236f/tumblr_midv979Uu11qdozhyo3_100.jpg</photo-url><photo-url max-width="75">http://24.media.tumblr.com/4873fd827b790fb5d37e07592449236f/tumblr_midv979Uu11qdozhyo3_75sq.jpg</photo-url></photo></photoset><tag>concert</tag><tag>show</tag><tag>chrome canyon</tag><tag>synth</tag><tag>electronic</tag><tag>music</tag><tag>d800</tag><tag>sabotai</tag><tag>bowery ballroom</tag><tag>nyc</tag><tag>new york</tag><tag>new york city</tag></post><post id="43340666711" url="http://sabotai.com/post/43340666711" url-with-slug="http://sabotai.com/post/43340666711/silence-underground-manhattan-nyc-urban" type="photo" date-gmt="2013-02-17 21:14:00 GMT" date="Sun, 17 Feb 2013 16:14:00" unix-timestamp="1361135640" format="html" reblog-key="pHEreI1S" slug="silence-underground-manhattan-nyc-urban" width="1024" height="683"><photo-caption>&lt;p&gt;&lt;span&gt;Silence&lt;/span&gt;&lt;/p&gt;
&lt;p&gt;&lt;span&gt;Underground, Manhattan,  NYC&lt;/span&gt;&lt;br/&gt;&lt;a href="http://www.sabotai.com/"&gt;urban dreamscapes photography &lt;/a&gt;&lt;/p&gt;</photo-caption><photo-url max-width="1280">http://31.media.tumblr.com/17fd8d0f51cfe26cf97c10dad117fb34/tumblr_miduzvkw5x1qdozhyo1_1280.jpg</photo-url><photo-url max-width="500">http://31.media.tumblr.com/17fd8d0f51cfe26cf97c10dad117fb34/tumblr_miduzvkw5x1qdozhyo1_500.jpg</photo-url><photo-url max-width="400">http://31.media.tumblr.com/17fd8d0f51cfe26cf97c10dad117fb34/tumblr_miduzvkw5x1qdozhyo1_400.jpg</photo-url><photo-url max-width="250">http://24.media.tumblr.com/17fd8d0f51cfe26cf97c10dad117fb34/tumblr_miduzvkw5x1qdozhyo1_250.jpg</photo-url><photo-url max-width="100">http://24.media.tumblr.com/17fd8d0f51cfe26cf97c10dad117fb34/tumblr_miduzvkw5x1qdozhyo1_100.jpg</photo-url><photo-url max-width="75">http://24.media.tumblr.com/17fd8d0f51cfe26cf97c10dad117fb34/tumblr_miduzvkw5x1qdozhyo1_75sq.jpg</photo-url><tag>subway</tag><tag>train</tag><tag>nyc</tag><tag>new york</tag><tag>new york city</tag><tag>d800</tag><tag>sabotai</tag><tag>photo</tag><tag>photography</tag><tag>oud</tag><tag>sound</tag><tag>loud</tag><tag>ear</tag></post><post id="43007258319" url="http://sabotai.com/post/43007258319" url-with-slug="http://sabotai.com/post/43007258319/javits-center-manhattan-nyc-urban-dreamscapes" type="photo" date-gmt="2013-02-13 16:30:07 GMT" date="Wed, 13 Feb 2013 11:30:07" unix-timestamp="1360773007" format="html" reblog-key="WjnZoIwi" slug="javits-center-manhattan-nyc-urban-dreamscapes" width="1024" height="683"><photo-caption>&lt;p&gt;&lt;span&gt;Javits Center, Manhattan,  NYC&lt;/span&gt;&lt;br/&gt;&lt;a href="http://www.sabotai.com/"&gt;urban dreamscapes photography &lt;/a&gt;&lt;/p&gt;</photo-caption><photo-url max-width="1280">http://31.media.tumblr.com/050aacddcc8c3380041189760fb856dc/tumblr_mi0pfkdHAG1qdozhyo1_1280.jpg</photo-url><photo-url max-width="500">http://31.media.tumblr.com/050aacddcc8c3380041189760fb856dc/tumblr_mi0pfkdHAG1qdozhyo1_500.jpg</photo-url><photo-url max-width="400">http://24.media.tumblr.com/050aacddcc8c3380041189760fb856dc/tumblr_mi0pfkdHAG1qdozhyo1_400.jpg</photo-url><photo-url max-width="250">http://24.media.tumblr.com/050aacddcc8c3380041189760fb856dc/tumblr_mi0pfkdHAG1qdozhyo1_250.jpg</photo-url><photo-url max-width="100">http://31.media.tumblr.com/050aacddcc8c3380041189760fb856dc/tumblr_mi0pfkdHAG1qdozhyo1_100.jpg</photo-url><photo-url max-width="75">http://24.media.tumblr.com/050aacddcc8c3380041189760fb856dc/tumblr_mi0pfkdHAG1qdozhyo1_75sq.jpg</photo-url><tag>javits center</tag><tag>javits</tag><tag>architecture</tag><tag>nyc</tag><tag>new york</tag><tag>new york city</tag><tag>d800</tag><tag>sabotai</tag><tag>photo</tag><tag>photography</tag></post><post id="42930046505" url="http://sabotai.com/post/42930046505" url-with-slug="http://sabotai.com/post/42930046505/noho-manhattan-nyc-urban-dreamscapes" type="photo" date-gmt="2013-02-12 16:30:19 GMT" date="Tue, 12 Feb 2013 11:30:19" unix-timestamp="1360686619" format="html" reblog-key="lCuJO6Ba" slug="noho-manhattan-nyc-urban-dreamscapes" width="1024" height="683"><photo-caption>&lt;p&gt;NoHo, Manhattan, NYC&lt;br/&gt;&lt;a href="http://www.sabotai.com/"&gt;urban dreamscapes photography &lt;/a&gt;&lt;/p&gt;</photo-caption><photo-url max-width="1280">http://24.media.tumblr.com/9ffe1b7e452ea3a6760f434a9e44a188/tumblr_mi39k8cTlj1qdozhyo1_r1_1280.jpg</photo-url><photo-url max-width="500">http://24.media.tumblr.com/9ffe1b7e452ea3a6760f434a9e44a188/tumblr_mi39k8cTlj1qdozhyo1_r1_500.jpg</photo-url><photo-url max-width="400">http://31.media.tumblr.com/9ffe1b7e452ea3a6760f434a9e44a188/tumblr_mi39k8cTlj1qdozhyo1_r1_400.jpg</photo-url><photo-url max-width="250">http://31.media.tumblr.com/9ffe1b7e452ea3a6760f434a9e44a188/tumblr_mi39k8cTlj1qdozhyo1_r1_250.jpg</photo-url><photo-url max-width="100">http://31.media.tumblr.com/9ffe1b7e452ea3a6760f434a9e44a188/tumblr_mi39k8cTlj1qdozhyo1_r1_100.jpg</photo-url><photo-url max-width="75">http://24.media.tumblr.com/9ffe1b7e452ea3a6760f434a9e44a188/tumblr_mi39k8cTlj1qdozhyo1_r1_75sq.jpg</photo-url><tag>noho</tag><tag>manhattan</tag><tag>houston st</tag><tag>nyc</tag><tag>new york</tag><tag>new york city</tag><tag>d800</tag><tag>sabotai</tag><tag>photo</tag><tag>photography</tag><tag>cones</tag><tag>orange</tag><tag>night</tag><tag>pedestrians</tag><tag>street</tag><tag>urban</tag><tag>snow</tag></post><post id="42847818581" url="http://sabotai.com/post/42847818581" url-with-slug="http://sabotai.com/post/42847818581/midtown-manhattan-nyc-urban-dreamscapes" type="photo" date-gmt="2013-02-11 16:30:00 GMT" date="Mon, 11 Feb 2013 11:30:00" unix-timestamp="1360600200" format="html" reblog-key="FPtEIQmm" slug="midtown-manhattan-nyc-urban-dreamscapes" width="683" height="1024"><photo-caption>&lt;p&gt;Midtown, Manhattan, NYC&lt;br/&gt;&lt;a href="http://www.sabotai.com/"&gt;urban dreamscapes photography &lt;/a&gt;&lt;/p&gt;</photo-caption><photo-url max-width="1280">http://24.media.tumblr.com/dbe4709bcfe2d8dd8a0368a286068c09/tumblr_mi12n4VHLe1qdozhyo1_1280.jpg</photo-url><photo-url max-width="500">http://31.media.tumblr.com/dbe4709bcfe2d8dd8a0368a286068c09/tumblr_mi12n4VHLe1qdozhyo1_500.jpg</photo-url><photo-url max-width="400">http://24.media.tumblr.com/dbe4709bcfe2d8dd8a0368a286068c09/tumblr_mi12n4VHLe1qdozhyo1_400.jpg</photo-url><photo-url max-width="250">http://31.media.tumblr.com/dbe4709bcfe2d8dd8a0368a286068c09/tumblr_mi12n4VHLe1qdozhyo1_250.jpg</photo-url><photo-url max-width="100">http://24.media.tumblr.com/dbe4709bcfe2d8dd8a0368a286068c09/tumblr_mi12n4VHLe1qdozhyo1_100.jpg</photo-url><photo-url max-width="75">http://24.media.tumblr.com/dbe4709bcfe2d8dd8a0368a286068c09/tumblr_mi12n4VHLe1qdozhyo1_75sq.jpg</photo-url><tag>nyc</tag><tag>new york</tag><tag>new york city</tag><tag>d800</tag><tag>sabotai</tag><tag>snow</tag><tag>photo</tag><tag>manhattan</tag><tag>midtown</tag><tag>urban</tag><tag>city</tag><tag>photography</tag></post></posts></tumblr>
